domain,stableId,fieldId,english,candidateSpanish,status,sourceDigest,exemptionEligible,source,reviewDecision,reviewNotes
alerts,alert-c313982e-167b-4301-8f81-96c75e9c40cb,message,Get District 34 updates by email — sign up for the District Newsletter and confirm your subscription.,,missing,1400210200af9392efde4300e74633a8487e9e240ba59993ee953506ef9f0028,false,live_alert,,
email,email.newsletter-confirmation.action,value,Confirm subscription,Confirmar suscripción,needs_review,51b9b12697cfdfa7491edcecb8d7e4ea29b05b9e5af5012172dd55257fca9e01,false,checked_in_explicit_content,,
email,email.newsletter-confirmation.expiry,value,This confirmation link expires in 48 hours.,Este enlace de confirmación vence en 48 horas.,needs_review,0d964fb8a489d46a6dc8222c1511545ad9a0cb1fa105e502801fa513cf76619e,false,checked_in_explicit_content,,
email,email.newsletter-confirmation.heading,value,Confirm your subscription,Confirme su suscripción,needs_review,4189df79fb12d29f1d156c48ad841b2f75accbb58b3ef285f7f7ab6d5dc5e9bc,false,checked_in_explicit_content,,
email,email.newsletter-confirmation.no-action,value,"If you did not request this subscription, no action is required.","Si no solicitó esta suscripción, no se requiere ninguna acción.",needs_review,eced08ed5c9c51de3cfabb7797d356eeb0b9404c0fc14bd9aa5fbc7f13c108b7,false,checked_in_explicit_content,,
email,email.newsletter-confirmation.subject,value,Confirm your District Newsletter subscription,Confirme su suscripción al Boletín del distrito,needs_review,d2f03784304d47353c1db84f1dd2e8e8a9a3d5025bb63fa4850c40b483459559,false,checked_in_explicit_content,,
form,form.contact.email,label,Email — Optional,,missing,c6badc292c9ac6ecb1a16effc63b23bc503b096617a82cc544d88ca5d1877bc6,false,public_html:/contact,,
form,form.contact.firstName,label,First name *,,missing,d539d49ae0abae38b2035cfac54382646aaa1aab2cfaa2d56f6b14a661f965a4,false,public_html:/contact,,
form,form.contact.lastName,label,Last name *,,missing,fbee27a6ff6179a3dc8fbd69352bc30053f599c3dd8f23d0c8b51d65b187f65d,false,public_html:/contact,,
form,form.contact.message,label,Message *,,missing,0dbb9eb0f7d0ecf23d358e557ccd9114316b253f813d12670af369d9955dcbde,false,public_html:/contact,,
form,form.contact.operationalConsent,label,I agree that Office of Assemblywoman Carmen Theresa Morales may contact me about this request using the information I provided. *,,missing,6dad88e55614aad0f90ad4d49333bddc9bb3db4eb04f9324429609f206fe27b8,false,public_html:/contact,,
form,form.contact.phone,label,Phone — Optional,,missing,bbdbeda04245546fb7fd13b77af934c290615dbff3c499ab43c8b5574a58807d,false,public_html:/contact,,
form,form.contact.subject,label,Subject *,,missing,ea3eb8fd333ffeec5095c13f3b1e40fd8c699c99530ec3c81e31773248570f7c,false,public_html:/contact,,
form,form.contact.zipCode,label,ZIP code — Optional,,missing,3aa6d9b9a89d439fa4c80c79b2afdc053114fb141f0edf08c95940c23132e6e4,false,public_html:/contact,,
form,form.newsletter.consent,value,"I agree to receive District Newsletter emails from the Office of Assemblywoman Carmen Morales. I understand that submitting this form is a confirmation request, that I am not subscribed until I confirm by email, and that I can unsubscribe at any time.","Acepto recibir correos del Boletín del distrito de la Oficina de la Asambleísta Carmen Morales. Entiendo que enviar este formulario crea una solicitud de confirmación, que no estaré suscrito hasta confirmar por correo electrónico y que puedo cancelar la suscripción en cualquier momento.",needs_review,a873e218240d05fe53b4c2119550cc9d0d9bf25292b6ce11948255448cc13e6d,false,checked_in_explicit_content,,
form,form.newsletter.email,label,Email address *,,missing,e4841672f5c3f614f66852fde9eac229cfccd32ea74d064e4ab201269c81fd65,false,"public_html:/,public_html:/news,public_html:/newsletter",,
form,form.newsletter.firstName,label,First name — Optional,,missing,27f6012e202c526762f0805ee7d7a2bf85d9cec2338a24121b59c968913d2d88,false,"public_html:/,public_html:/news,public_html:/newsletter",,
form,form.newsletter.marketingConsent,label,"I agree to receive District Newsletter emails from the Office of Assemblywoman Carmen Morales. I understand that submitting this form is a confirmation request, that I am not subscribed until I confirm by email, and that I can unsubscribe at any time. *",,missing,644572a56cd5d5ebdd11081bfadbc6edbbe45eaa6449b7da88a50e0b68a8a510,false,"public_html:/,public_html:/news,public_html:/newsletter",,
form,form.newsletter.success,value,"Check your inbox to continue. Your request is pending, and you are not subscribed unless you complete the confirmation step.",Revise su bandeja de entrada para continuar. Su solicitud está pendiente y no estará suscrito a menos que complete el paso de confirmación.,needs_review,0a0f20fd15057db720fc256a333c135fda8136b9561128fa62b45e86e67dc49a,false,checked_in_explicit_content,,
media,media.about,alt,Assemblywoman Carmen Morales meeting with legislative colleagues,La asambleísta Carmen Morales reunida con colegas legisladores,needs_review,eaf5ae4c9f2df12697ed6c11ec3fde1400f975b1ccfd1e29078ef17b458a4b57,false,public_html:/about,,
media,media.business,alt,Small business roundtable with constituents at a local restaurant,Mesa redonda de pequeños negocios con residentes en un restaurante local,needs_review,0c93667d1e3dc0f8a880ff4fedee04583b632587e8632b8d7ab12e4c645de018,false,"public_html:/,public_html:/community",,
media,media.capitol,alt,Constituents and officials during a capitol visit,Residentes y funcionarios durante una visita al capitolio,needs_review,16c8608a8c840714160c2e8b4af6c7888432441152744d586420e9a6d04b50e8,false,public_html:/social,,
media,media.clinic,alt,Fresh Start expungement clinic event flyer,Volante de un evento de la clínica de eliminación de antecedentes Fresh Start,needs_review,fd7c6be9f7f69c012d2be87354763bec85603c1331ac5523ec8339d63483096d,false,public_html:/resources,,
media,media.coverage,alt,Community health clinic event flyer,Volante de un evento de una clínica de salud comunitaria,needs_review,7d1ba1af361c442139fc07012476a9b156c6630fb4c5f83b7947e5c21c50b144,false,"public_html:/about,public_html:/contact,public_html:/news,public_html:/newsletter,public_html:/resources,public_html:/social,public_html:/survey,public_html:/voting",,
media,media.event-group,alt,Community members gathered at a district event,Miembros de la comunidad reunidos en un evento del distrito,needs_review,8498a9c5fef7c90185b132378925405afeac6f290f611f519924b0e4c2c0cd02,false,public_html:/newsletter,,
media,media.graduation,alt,A graduate at a district graduation ceremony,Una persona graduada en una ceremonia de graduación del distrito,needs_review,bb6077e487a27fa3d3da70ae99341fd12db2c0c516450a92e8069880b028ab86,false,public_html:/community,,
media,media.hero,alt,Assemblywoman Carmen Morales with legislative colleagues at the State House,La asambleísta Carmen Morales con colegas legisladores en la Casa de Gobierno,needs_review,1dd3c074dcd8e357309d64d0681a43d36d474ed6cf3d8b517947ed599efdfe60,false,public_html:/,,
media,media.meeting,alt,Constituent meeting in a community space,Reunión con residentes en un espacio comunitario,needs_review,e6f63b88f0850a3c31ade9ea80fef384ebfac5feac8d7155f0f22e7c227a5abf,false,public_html:/contact,,
media,media.outdoor-visit,alt,Assemblywoman Carmen Morales visiting constituents outdoors,La asambleísta Carmen Morales visitando a residentes al aire libre,needs_review,e6bb2779b9f01b2294d9e1197dceebfef806790013ed39e26adad14bb5fabd7d,false,public_html:/survey,,
media,media.outreach,alt,District outreach event with community members,Evento de alcance del distrito con miembros de la comunidad,needs_review,2be09e8c3dbb7d0e24bdd9f87affc8d7b2f929d34857e4c72309b78226d5eafb,false,public_html:/voting,,
media,media.vote-board,alt,New Jersey General Assembly electronic vote board,Tablero electrónico de votación de la Asamblea General de Nueva Jersey,needs_review,47db63ed899005b41c9fb34fb3f487129b40bf161ca22590b93b795aa1c39a65,false,public_html:/news,,
site,about.cards.biography-readiness.body,value,"Review the New Jersey Legislature profile for the current biography, committee assignments, sponsored bills, and member votes.","Consulte el perfil de la Legislatura de Nueva Jersey para ver la biografía vigente, las asignaciones de comités, los proyectos de ley patrocinados y las votaciones de la integrante.",needs_review,cca5b28dcb71239aff3345d517afb847edce5e16160081bf317f0148f36a5497,false,public_html:/about,,
site,about.cards.biography-readiness.link,label,Open,Abrir,needs_review,7880531e09e103c04cbd64c078eea67a0cd9c373a278c79cb97494825c287af7,false,public_html:/about,,
site,about.cards.biography-readiness.title,value,Official biography and legislative record,Biografía oficial y expediente legislativo,needs_review,c8a147e4a09a4224fc80dd476596ab62e0935e4c6d0e1392fd794cdf5fa1a31f,false,public_html:/about,,
site,about.cards.community-presence.body,value,Her official biography lists a career in education and service as an Essex County College trustee from 2017 through 2023.,Su biografía oficial describe una carrera en educación y su servicio como miembro de la junta de Essex County College entre 2017 y 2023.,needs_review,23c31e6ee469f7cbd59b0e5ddb2e3dcd50194d8093f95684bb82033db33380ab,false,public_html:/about,,
site,about.cards.community-presence.link,label,Open,Abrir,needs_review,7880531e09e103c04cbd64c078eea67a0cd9c373a278c79cb97494825c287af7,false,public_html:/about,,
site,about.cards.community-presence.title,value,Public Service,Servicio público,needs_review,379f63ba21105c02b9595ab1613a8bea464b19c425b91535b6924b4aa50f05ad,false,public_html:/about,,
site,about.cards.district-leadership.body,value,"The district includes Belleville, Bloomfield, East Orange, Glen Ridge, Nutley, and Orange.","El distrito incluye Belleville, Bloomfield, East Orange, Glen Ridge, Nutley y Orange.",needs_review,c271ab225ab5859bd8285119cebcf5b6aa43c25e8eb88fec0b9cd6dbceb87ba0,false,public_html:/about,,
site,about.cards.district-leadership.title,value,District 34,Distrito 34,needs_review,9e87b421aa23cdf7935f5b7104aba8a41e7ff640dbd4d5b0834194b98db7dfc8,false,public_html:/about,,
site,about.cards.legislative-priorities.body,value,"The official legislative roster lists Higher Education, Appropriations, Science, Innovation and Technology, and the Joint Committee on the Public Schools.","El registro legislativo oficial incluye Educación Superior, Asignaciones, Ciencia, Innovación y Tecnología, y el Comité Conjunto de Escuelas Públicas.",needs_review,c144075444658e5c8b48c4498f274653171e7b445cffb9d4e2421cd1057caa43,false,public_html:/about,,
site,about.cards.legislative-priorities.link,label,Open,Abrir,needs_review,7880531e09e103c04cbd64c078eea67a0cd9c373a278c79cb97494825c287af7,false,public_html:/about,,
site,about.cards.legislative-priorities.title,value,Committee Service,Servicio en comités,needs_review,3fec990b19de66bcccb6481e1962d0c1ad2727a2ea4d28a77164805acdaf6506,false,public_html:/about,,
site,about.features.body,value,Use these links for current public information or contact the district office at (973) 450-0484.,Use estos enlaces para consultar información pública vigente o comuníquese con la oficina del distrito al (973) 450-0484.,needs_review,53776ae6af97f79ac512438b9f2db8db0302a328892f4c22c9e48a1e15751f2c,false,public_html:/about,,
site,about.features.eyebrow,value,Page Resources,Recursos de la página,needs_review,e13668e00d5b45bce671c3b18ca7734425255d25eb8d32a7b2e5a55cdd66f8ba,false,public_html:/about,,
site,about.features.title,value,Verified paths for District 34 residents,Recursos verificados para residentes del Distrito 34,needs_review,bf81c696432dc2fc9aba49babce5ff454920e0e55a54e8897a00529cd25471fe,false,public_html:/about,,
site,about.hero.body,value,Assemblywoman Morales has served in the New Jersey General Assembly since 2024 and represents District 34 in Essex County.,La asambleísta Morales forma parte de la Asamblea General de Nueva Jersey desde 2024 y representa al Distrito 34 del condado de Essex.,needs_review,9a64ebdce83fd78472366ad6d7727a971b6db4717a19a1bff69d37e614e52019,false,public_html:/about,,
site,about.hero.eyebrow,value,Deputy Whip - District 34,Subjefa de disciplina - Distrito 34,needs_review,7ec1f4b6cc7582c14850880943dd601d02daee9fb6b447c8058b590426d8fcf0,false,public_html:/about,,
site,about.hero.primary-cta,label,Contact the Office,Contactar a la oficina,needs_review,f22cb79c2d8cc19521dca6f4a770ad51a5dfb17f95d5e6cabfb4db208fa56648,false,public_html:/about,,
site,about.hero.secondary-cta,label,Get Updates,Recibir actualizaciones,needs_review,ed4c3d6bb2ac7925039fa753c656547d18590799b716e314704237dcf1a11d8f,false,public_html:/about,,
site,about.hero.title,value,About Assemblywoman Carmen Theresa Morales,Acerca de la asambleísta Carmen Theresa Morales,needs_review,60814fe2a87f716defce1b0cff7f99f3836630217f5808f6a9aa4a3e23602f4c,false,public_html:/about,,
site,alerts.latest-unavailable,value,Latest alerts could not be refreshed.,No se pudieron actualizar las alertas más recientes.,needs_review,25dd3048704ef499e8bc1c51b19e08c758c7710dfad5d1a4cf875d30ef7a56d0,false,checked_in_public_catalog,,
site,alerts.next,value,Next alert,Alerta siguiente,needs_review,8ab0da991f919bcd79826ca050ed3d5b8bfa2b68b7ff5824bc5d77bf5d02c066,false,checked_in_public_catalog,,
site,alerts.pause,value,Pause,Pausar,needs_review,0ca3f022da3ff7a2c27b7edc5ec7744813c0aecf9276ad654f465fb232590959,false,checked_in_public_catalog,,
site,alerts.previous,value,Previous alert,Alerta anterior,needs_review,147801235d2a97e722bb19198516c7e591ec1f8fe31f8b0db460cf4c48a8456b,false,checked_in_public_catalog,,
site,alerts.resume,value,Resume,Reanudar,needs_review,298ad816bc345e6f6f4567cf90733347770f4051847166bff914942e8becef7a,false,checked_in_public_catalog,,
site,alerts.site-label,value,Site alerts,Alertas del sitio,needs_review,e9586e80d6b37a60c985ebebeb221edefe4e18f1f54756fddde8e753a22814b1,false,checked_in_public_catalog,,
site,catalog.legacy.000f0ba32c2f99d9,value,Help navigating New Jersey agencies,Ayuda para orientarse entre las agencias de Nueva Jersey,needs_review,75a3b44b1603ea874a8194c1985b65a650c11b14e6da0dd4fb476099a7058f26,false,checked_in_legacy_catalog,,
site,catalog.legacy.01812251620a527e,value,"Go directly to official voting, state service, district office, and newsletter resources.","Acceda directamente a recursos oficiales sobre elecciones, servicios estatales, la oficina del distrito y el boletín.",needs_review,dfa485b64e1d5d1ba4102ed3469b19835e0acaaeb4ee608bbd5fd8633e6bb06b,false,checked_in_legacy_catalog,,
site,catalog.legacy.03efd7434d7f3aa9,value,Official New Jersey Voting Information,Información electoral oficial de Nueva Jersey,needs_review,fa6b10363a715e6c5192563e46de000c87cb2e6e0bf9d4a931539a2b16e84d76,false,checked_in_legacy_catalog,,
site,catalog.legacy.05e4eb88c58fec98,value,Contact the district office about an existing matter involving a New Jersey state agency.,Comuníquese con la oficina del distrito sobre un asunto existente relacionado con una agencia estatal de Nueva Jersey.,needs_review,8e908d7adcbcb7ab29fdad79b0bf1159a001fa28c1e4d1f5e018b4692a9c508b,false,checked_in_legacy_catalog,,
site,catalog.legacy.06bbfb19c5ebd86d,value,Office Workflow,Proceso de la oficina,needs_review,63981e168a7b10574b65bfa08935740eba505d3badc9449cf5723327d9d16855,false,checked_in_legacy_catalog,,
site,catalog.legacy.084d651b53752503,value,Civic Access,Acceso cívico,needs_review,588eb92f86d21b4d64ae3686a58a7be03f50f021343ef17c8b8adadede662720,false,checked_in_legacy_catalog,,
site,catalog.legacy.13a94fec49b0cf14,value,Official Legislative Profile,Perfil legislativo oficial,needs_review,eef2828e86b943936431468b7b9e6e30cfc09d39668e2e9a0c22337e4abd0429,false,checked_in_legacy_catalog,,
site,catalog.legacy.13ae9a8de2ba835a,value,"Constituent services, legislative information, voting resources, and district office access for New Jersey's 34th Legislative District.","Servicios para residentes, información legislativa, recursos electorales y acceso a la oficina del distrito para el Distrito Legislativo 34 de Nueva Jersey.",needs_review,4c0c131be72b6eb9d44a17b7803247755ab12c171a9895c8e4694dba450e7b22,false,checked_in_legacy_catalog,,
site,catalog.legacy.1589d513efc48c6e,value,Constituent Support,Apoyo a residentes,needs_review,b71d6d651990e194c0f6b7fa7127e3e9f29b7eb5b56304853e7744511ecfeeb2,false,checked_in_legacy_catalog,,
site,catalog.legacy.15a94eff22d8ede8,value,Around District 34,En el Distrito 34,needs_review,9d48935357554456133a06b13a20f0914b8325a56960e1eb7c9ae3a2ead1df45,false,checked_in_legacy_catalog,,
site,catalog.legacy.164ef696f2ac81da,value,Every District Newsletter includes an unsubscribe link.,Cada Boletín del distrito incluye un enlace para cancelar la suscripción.,needs_review,1ce9226fb8a8bef3ab53ef1020aac8bddbe12fcdfe30caf75466e2188ac68577,false,checked_in_legacy_catalog,,
site,catalog.legacy.194972b8e4b15c55,value,Call or send a message when you need help navigating a New Jersey state agency or want to share a legislative concern.,Llame o envíe un mensaje cuando necesite ayuda con una agencia estatal de Nueva Jersey o quiera compartir una inquietud legislativa.,needs_review,f8fa3151c604b1e35a5ee0148197ff7aba9e1715e27e82dc4b44e439e6cfc52b,false,checked_in_legacy_catalog,,
site,catalog.legacy.1d95682b843607b3,value,Join Newsletter,Suscribirse al boletín,needs_review,67d13cafd35fd6c3aa129802044e87340407030f0926ed3a2ac1c4698f6ca33d,false,checked_in_legacy_catalog,,
site,catalog.legacy.20008c9d0f826cf1,value,District Office,Oficina del distrito,needs_review,01a8c20cc4f826866b2f81f83ec586457fe99bf8ce8a8fe7dabc6f66c9fac57f,false,checked_in_legacy_catalog,,
site,catalog.legacy.211bb3de5686f88e,value,Survey,Encuesta,needs_review,29f6ccd45ef6ad568a7e108e12b3c042ea4295b5c035c94a32b00e8295081b9e,false,checked_in_legacy_catalog,,
site,catalog.legacy.21327c0fc1a0659e,value,Posts published by authorized office staff appear here.,Las publicaciones del personal autorizado de la oficina aparecen aquí.,needs_review,cfee0cf54233898570d7bcdb08fc0212543d2cc557e7549a7afccce99eccfdbc,false,checked_in_legacy_catalog,,
site,catalog.legacy.224ce73a09d3fc4e,value,Fields marked * are required. All other fields are optional.,Los campos marcados con * son obligatorios. Todos los demás campos son opcionales.,needs_review,5a4c598bc55ba5d78d5dd87b3749e7227a0144b7d2bbdf014f904e150cf53ba1,false,checked_in_legacy_catalog,,
site,catalog.legacy.225110a015033987,value,Committee Work,Trabajo de comités,needs_review,771e2e7df5755c7067781dd85ae3bf89045793311961a6c6b0a35a8d00d91633,false,checked_in_legacy_catalog,,
site,catalog.legacy.22b0d5e08b635888,value,Small business roundtable with constituents at a local restaurant,Mesa redonda de pequeños negocios con residentes en un restaurante local,needs_review,c63f7f73b1fe67157cd326654060a5586ae0f4db28c866dbf1508a214f4a0c83,false,checked_in_legacy_catalog,,
site,catalog.legacy.22e2bada8f1c65cd,value,Updates,Novedades,needs_review,a921563cae601345a3368c2310453882857c961def63c4b05c909b04f6aa36ee,false,checked_in_legacy_catalog,,
site,catalog.legacy.23e74725f0ebd062,value,Use these links for current public information or contact the district office at (973) 450-0484.,Use estos enlaces para consultar información pública vigente o comuníquese con la oficina del distrito al (973) 450-0484.,needs_review,53776ae6af97f79ac512438b9f2db8db0302a328892f4c22c9e48a1e15751f2c,false,checked_in_legacy_catalog,,
site,catalog.legacy.273ea8304d5cb611,value,Email updates,Novedades por correo electrónico,needs_review,bd085163d0f3c9a8042d3bc9b4f3646f21b4bd8485aea4bbc5dbb12c55956601,false,checked_in_legacy_catalog,,
site,catalog.legacy.27ca79d3080edc4d,value,Constituent Conversations,Conversaciones con residentes,needs_review,32104c1442052741ff4b9213cfec5fb5e1ef1ea7399c327172e592906338e054,false,checked_in_legacy_catalog,,
site,catalog.legacy.29eeddaa299bbc7a,value,Assemblywoman Carmen Morales with legislative colleagues at the State House,La asambleísta Carmen Morales con colegas legisladores en la Casa de Gobierno,needs_review,72126548b7dd058826e5dfd7fd19febc81380c40d0f606373665fcc52f630cc0,false,checked_in_legacy_catalog,,
site,catalog.legacy.2b3d181c13b68a96,value,"For current office hours and district event information, call the district office.","Para conocer los horarios de atención y los eventos actuales del distrito, llame a la oficina del distrito.",needs_review,9f2e9e0a0c0abbe5860a9e3c87ceb2cd0c19f61ef68810e57c95cfcbde5d0495,false,checked_in_legacy_catalog,,
site,catalog.legacy.2b5c3d26721ae9c3,value,Contact,Contacto,needs_review,0a005fed4e7a91b76f9538cc810f2fbf755601e282d0eee21f5c322082097340,false,checked_in_legacy_catalog,,
site,catalog.legacy.2f77668a9dfbf8d5,value,Message,Mensaje,needs_review,448445ccab5df26653e96b25b36c445913cefc19dcaf23dac275feb687f9c4dc,false,checked_in_legacy_catalog,,
site,catalog.legacy.306f1bb20677a622,value,Phone number,Número de teléfono,needs_review,98022eb2d42fd1dc65be3b417f31534bb9109a2cff789d730adac49f5b9d97de,false,checked_in_legacy_catalog,,
site,catalog.legacy.35497db3c577508d,value,Verified paths for District 34 residents,Recursos verificados para residentes del Distrito 34,needs_review,bf81c696432dc2fc9aba49babce5ff454920e0e55a54e8897a00529cd25471fe,false,checked_in_legacy_catalog,,
site,catalog.legacy.374a6b5656c1754a,value,Contact the Office,Contactar a la oficina,needs_review,f8655dc4a1fe810c206568e870c3850fe614258d7176634527fad0ca686ff76c,false,checked_in_legacy_catalog,,
site,catalog.legacy.3944a2cae51ff1d1,value,The online survey is not accepting responses. Residents can share priorities directly with the district office by phone or through the official contact form.,La encuesta en línea no acepta respuestas. Los residentes pueden compartir sus prioridades directamente con la oficina del distrito por teléfono o mediante el formulario de contacto oficial.,needs_review,88b8fe5494a9044420394176a6b3115b872c733c79c8e4ed6cf69ccf937aca56,false,checked_in_legacy_catalog,,
site,catalog.legacy.3964227345086424,value,Browse the State of New Jersey department and service directory for direct government resources.,Consulte el directorio de departamentos y servicios del Estado de Nueva Jersey para acceder a recursos gubernamentales directos.,needs_review,97be2392606e0fbc82af9ef97cf0687409962707520a34b632f276d00deef26b,false,checked_in_legacy_catalog,,
site,catalog.legacy.3a3a9bd9d8bd27be,value,Assemblywoman Morales has served in the New Jersey General Assembly since 2024 and represents District 34 in Essex County.,La asambleísta Morales forma parte de la Asamblea General de Nueva Jersey desde 2024 y representa al Distrito 34 del condado de Essex.,needs_review,9a64ebdce83fd78472366ad6d7727a971b6db4717a19a1bff69d37e614e52019,false,checked_in_legacy_catalog,,
site,catalog.legacy.3a78695388b38b5c,value,Home,Inicio,needs_review,faf853c6cfdaefb5bfc9916c4af9768a202afcc7c884560fa3c3a93a3ac5b68e,false,checked_in_legacy_catalog,,
site,catalog.legacy.3b622f9208bf06a6,value,Speak with the district office at (973) 450-0484.,Hable con la oficina del distrito llamando al (973) 450-0484.,needs_review,7da54d9bcf83f5075f94465bb54a78a367cfb17a319a36b6bb30b4ff774f8361,false,checked_in_legacy_catalog,,
site,catalog.legacy.3b9ba0c233ba8983,value,About Assemblywoman Carmen Theresa Morales,Acerca de la asambleísta Carmen Theresa Morales,needs_review,60814fe2a87f716defce1b0cff7f99f3836630217f5808f6a9aa4a3e23602f4c,false,checked_in_legacy_catalog,,
site,catalog.legacy.3f69396ee3f96c09,value,Page Resources,Recursos de la página,needs_review,e13668e00d5b45bce671c3b18ca7734425255d25eb8d32a7b2e5a55cdd66f8ba,false,checked_in_legacy_catalog,,
site,catalog.legacy.40b2f8abec451068,value,Committee Service,Servicio en comités,needs_review,3fec990b19de66bcccb6481e1962d0c1ad2727a2ea4d28a77164805acdaf6506,false,checked_in_legacy_catalog,,
site,catalog.legacy.41327d8d07ba606c,value,Sponsored Bills and Votes,Proyectos de ley patrocinados y votaciones,needs_review,748b2e57868c16fb1c69c1cf26c2f9b0a9c8dd0a3d66735b3a3c592bfb1a9617,false,checked_in_legacy_catalog,,
site,catalog.legacy.4145088f1f5a9b92,value,Constituent meeting in a community space,Reunión con residentes en un espacio comunitario,needs_review,b001a61bf0b73c541370676a24c9b1d478667153849488837c4bcf36c9d5e136,false,checked_in_legacy_catalog,,
site,catalog.legacy.4233b9d63b3bbc51,value,Assemblywoman Carmen Morales visiting constituents outdoors,La asambleísta Carmen Morales visitando a residentes al aire libre,needs_review,211fe35e579b87b3642ba8c1d09a371c87903d790e44dd7e0faa5cbb03a030ef,false,checked_in_legacy_catalog,,
site,catalog.legacy.4979b31c4e76bdf1,value,"152 Franklin Street, Belleville, NJ 07109. Call (973) 450-0484 for district office assistance.","152 Franklin Street, Belleville, NJ 07109. Llame al (973) 450-0484 para recibir asistencia de la oficina del distrito.",needs_review,a963326b565ce44e9f591b86e3688fe58946e10371aa5ec84ee0b7414c2ae512,false,checked_in_legacy_catalog,,
site,catalog.legacy.4b2f6d1051f7706d,value,Official sources first,Fuentes oficiales primero,needs_review,1fb209ed384d8f558bcbf9f7e4897d52b6328e2ac004cf941fb104d6b4111636,false,checked_in_legacy_catalog,,
site,catalog.legacy.4bb9506320373875,value,Fresh Start expungement clinic event flyer,Volante de un evento de la clínica de eliminación de antecedentes Fresh Start,needs_review,5856dd75b7a33e5af34e1e51a6a337fe083dfb9a49ec15fb1034d21ef1045404,false,checked_in_legacy_catalog,,
site,catalog.legacy.4efca0d10c5feb8e,value,About,Acerca de,needs_review,a9d209935ae379c103e206a0f3eaa6a0cf7f6cfeb250fc657fae58d9fd5ccd4a,false,checked_in_legacy_catalog,,
site,catalog.legacy.50d916ecc5b7ed5b,value,Follow Legislative Activity,Seguir la actividad legislativa,needs_review,6d88aff128ddb729c2b92af0ba168c14d0185a69e2ef6648088d84371dd2ff6c,false,checked_in_legacy_catalog,,
site,catalog.legacy.50f1878d24fe66e5,value,District,Distrito,needs_review,6ad0fef17a9bfe1494102e464c831bd41940edabd7790f93fd2c3e348f9dbc95,false,checked_in_legacy_catalog,,
site,catalog.legacy.5275a882e20e5c5b,value,"Contact the district office to share a concern, ask a question, or request help with a state matter.","Comuníquese con la oficina del distrito para compartir una inquietud, hacer una pregunta o solicitar ayuda con un asunto estatal.",needs_review,c11f0859f93e7843ee081a5a941f69f7799e1ca26389452bb1ba4d8aa6f84916,false,checked_in_legacy_catalog,,
site,catalog.legacy.5388eb49f4463941,value,Confirmation is required,Se requiere confirmación,needs_review,136b6eaa0653aa21120e43d79fd1fcd3b7480a0b25994f2072e932ff20a9642c,false,checked_in_legacy_catalog,,
site,catalog.legacy.5510160aaad44347,value,District 34,Distrito 34,needs_review,9e87b421aa23cdf7935f5b7104aba8a41e7ff640dbd4d5b0834194b98db7dfc8,false,checked_in_legacy_catalog,,
site,catalog.legacy.551660f242a2eb7b,value,Site-managed social posts are not yet available. Use the official legislative profile for current public records and contact information.,Las publicaciones sociales administradas por el sitio aún no están disponibles. Use el perfil legislativo oficial para consultar registros públicos e información de contacto vigentes.,needs_review,20f3720aa7bf8b8966bb8717589ec82be19e6cdb585b1519cb96ed511d4eaeb5,false,checked_in_legacy_catalog,,
site,catalog.legacy.57d25ec65ef9a4d5,value,Official Sources,Fuentes oficiales,needs_review,a7581ead5d5edb0e56538019a7b8e4a2038559cd2142586ebe72b4997d073a0d,false,checked_in_legacy_catalog,,
site,catalog.legacy.58352254e903cdd0,value,Assemblywoman Carmen Morales meeting with legislative colleagues,La asambleísta Carmen Morales reunida con colegas legisladores,needs_review,d04bbb380e9f557e8ba56fa226b242b192325c3b92de977dc0dbeeaff9e8a47e,false,checked_in_legacy_catalog,,
site,catalog.legacy.58e9696dec6ae4be,value,"State services, voting details, and legislative records link to current government sources.","Los servicios estatales, los detalles electorales y los registros legislativos enlazan a fuentes gubernamentales vigentes.",needs_review,1407d7fe6193fdfe445a2f2a1e17db87580b6e1645269af7fa016616f3be1aa4,false,checked_in_legacy_catalog,,
site,catalog.legacy.5fe9fb77b24f23fc,value,"District 34 includes Belleville, Bloomfield, East Orange, Glen Ridge, Nutley, and Orange in Essex County.","El Distrito 34 incluye Belleville, Bloomfield, East Orange, Glen Ridge, Nutley y Orange en el condado de Essex.",needs_review,a3aa3a3b3ecd0036d0d2749413c35a39e60288e197e57d074099db891bd78b95,false,checked_in_legacy_catalog,,
site,catalog.legacy.604dce445e326d95,value,Services,Servicios,needs_review,ece986839da83304a4b8052b0cc4312d3d1f1174c88dd474a000e503828d60d2,false,checked_in_legacy_catalog,,
site,catalog.legacy.60f01cc87c4c56eb,value,Share a District Priority,Comparta una prioridad del distrito,needs_review,6c0eb3d64c64bfaf33f71b66c5159cf0a7b7442ed980348ee825d846000a51c7,false,checked_in_legacy_catalog,,
site,catalog.legacy.6484a7758ad7a80e,value,Service Requests,Solicitudes de servicio,needs_review,1806bf1d3cd1b83d7fd473bdbf7f7e1590915e0a2ba763270fd2fa73263dc80a,false,checked_in_legacy_catalog,,
site,catalog.legacy.6885b342613b1074,value,Official New Jersey Services,Servicios oficiales de Nueva Jersey,needs_review,d7651da3919bf4d08ae92355a55e89dc7651f3af096abfd36953381a33e74399,false,checked_in_legacy_catalog,,
site,catalog.legacy.69421c18255ef5eb,value,Official biography and legislative record,Biografía oficial y expediente legislativo,needs_review,c8a147e4a09a4224fc80dd476596ab62e0935e4c6d0e1392fd794cdf5fa1a31f,false,checked_in_legacy_catalog,,
site,catalog.legacy.6bd913764f38b5bf,value,Contact the District Office,Contactar a la oficina del distrito,needs_review,464b978d4ebc6386255afd0e4523a87ece4c3f53fc66943fbd069cd884e81017,false,checked_in_legacy_catalog,,
site,catalog.legacy.6c7089b4bcf97eb5,value,District 34 Constituent Services and Community Updates,Servicios para residentes y novedades comunitarias del Distrito 34,needs_review,1e9d0ea399842ca395fd8e41665407d4385f21fc93b83f0304d6ee58cada6961,false,checked_in_legacy_catalog,,
site,catalog.legacy.6e468197828e5660,value,Office Access,Acceso a la oficina,needs_review,4fb0116ae74c43c3c91d47f19cc849a3249173099f344f5d4310e6eaae1af49d,false,checked_in_legacy_catalog,,
site,catalog.legacy.6f8f30f55197c389,value,District office access,Acceso a la oficina del distrito,needs_review,0a7677c846c5cc629ecd54a150f3c9e55839adef23bcf680dfacdf88e2df9dc5,false,checked_in_legacy_catalog,,
site,catalog.legacy.7112ac2d3c4deed7,value,Get Updates,Recibir actualizaciones,needs_review,28b226b8736bc789a3ab9de13e4c15a213fcaa3feba058dcf7356252b4ee0c4a,false,checked_in_legacy_catalog,,
site,catalog.legacy.72e74191311bf597,value,"District Newsletter emails cover legislative information, public services, and district events.","Los correos del Boletín del distrito incluyen información legislativa, servicios públicos y eventos del distrito.",needs_review,1f74f1d99467a1fcded7b54b8457cf7d93f3a5caca78a0cea12ebcd87d58b86b,false,checked_in_legacy_catalog,,
site,catalog.legacy.731811bb28ae6ebb,value,"Review the New Jersey Legislature profile for the current biography, committee assignments, sponsored bills, and member votes.","Consulte el perfil de la Legislatura de Nueva Jersey para ver la biografía vigente, las asignaciones de comités, los proyectos de ley patrocinados y las votaciones de la integrante.",needs_review,cca5b28dcb71239aff3345d517afb847edce5e16160081bf317f0148f36a5497,false,checked_in_legacy_catalog,,
site,catalog.legacy.732028c042f40abb,value,District Media,Medios del distrito,needs_review,8b20f28c5328021c527d285e1fb2db2abbb0b284168a931ad14108a06e6d1f9c,false,checked_in_legacy_catalog,,
site,catalog.legacy.746e87d2394f8872,value,Constituents and officials during a capitol visit,Residentes y funcionarios durante una visita al capitolio,needs_review,628b4613bd1905a119af3104dfa9540ef641ba5adfdd78e624bde59437327591,false,checked_in_legacy_catalog,,
site,catalog.legacy.76636ae04becbba2,value,Stay Informed,Manténgase informado,needs_review,cd2fb61a9951a1f8c8d8b0791c30691bf0d8cdca245c4fb1c6c7782c6ca4d7c3,false,checked_in_legacy_catalog,,
site,catalog.legacy.7905644dac21fd83,value,Public Service,Servicio público,needs_review,379f63ba21105c02b9595ab1613a8bea464b19c425b91535b6924b4aa50f05ad,false,checked_in_legacy_catalog,,
site,catalog.legacy.79cbfcde45b14101,value,Public Information,Información pública,needs_review,4d97dc867b3148995ada5d95821e2ca7663a053701f004a5713f3778aef1bd97,false,checked_in_legacy_catalog,,
site,catalog.legacy.79d87b36ea83dd38,value,Resident Form,Formulario para residentes,needs_review,99bc14241108e6d37953086cb0b1ad5ff58d551020a3be30fc32f3aa92c44c30,false,checked_in_legacy_catalog,,
site,catalog.legacy.7a69101cf34e8e16,value,Voting Questions,Preguntas electorales,needs_review,3e4721005c3d0368d1419442da95d8724e5cc1393e79eaa77fee4cbd9d2081e3,false,checked_in_legacy_catalog,,
site,catalog.legacy.7afeafaf8dc40f99,value,"The official legislative roster lists Higher Education, Appropriations, Science, Innovation and Technology, and the Joint Committee on the Public Schools.","El registro legislativo oficial incluye Educación Superior, Asignaciones, Ciencia, Innovación y Tecnología, y el Comité Conjunto de Escuelas Públicas.",needs_review,c144075444658e5c8b48c4498f274653171e7b445cffb9d4e2421cd1057caa43,false,checked_in_legacy_catalog,,
site,catalog.legacy.7e3e7e9c4ba555fe,value,Deputy Whip - District 34,Subjefa de disciplina - Distrito 34,needs_review,7ec1f4b6cc7582c14850880943dd601d02daee9fb6b447c8058b590426d8fcf0,false,checked_in_legacy_catalog,,
site,catalog.legacy.7e61847d61d65d9e,value,Topic,Tema,needs_review,997bcb8b8ce364c1ffa521d9633010c0eb78fa8b047af38e7265a9799db5d7a7,false,checked_in_legacy_catalog,,
site,catalog.legacy.7fbc2db2f490e6c2,value,Published legislative and district updates from Office of Assemblywoman Carmen Theresa Morales.,Novedades legislativas y del distrito publicadas por la Oficina de la Asambleísta Carmen Theresa Morales.,needs_review,6faef7ccfab4dd6078a1c8389df8c60ada3192c0da54e42bb6ab8ceaa527db20,false,checked_in_legacy_catalog,,
site,catalog.legacy.818c58126200a6e5,value,Include your municipality and the state matter involved when asking the office for assistance.,Incluya su municipio y el asunto estatal correspondiente cuando solicite ayuda a la oficina.,needs_review,b637471c9cb0b187005371811fc57d801c247f054007f60249684cd691fa8a2a,false,checked_in_legacy_catalog,,
site,catalog.legacy.81df7817d2f8f41b,value,New Jersey General Assembly - District 34,Asamblea General de Nueva Jersey - Distrito 34,needs_review,15cc6cf4af03bb0e35327ba97fb80d3078d3219ce616d9166ffe169781157769,false,checked_in_legacy_catalog,,
site,catalog.legacy.8243e0ff11045f73,value,Review the Assemblywoman's official roster page for current sponsored bills and member votes.,Consulte la página oficial de la asambleísta para ver los proyectos de ley patrocinados y sus votaciones vigentes.,needs_review,856f396a1d1d53103097b88b8b175e2fa395088dad6d0a08e103be1cd0c3ef8c,false,checked_in_legacy_catalog,,
site,catalog.legacy.82bd2f2dfed53c9b,value,Schools and Youth,Escuelas y juventud,needs_review,f7d6416fc6f19de7fbcd63f9c0629c96225bd896aa2eb6811f6d23ce646eb076,false,checked_in_legacy_catalog,,
site,catalog.legacy.865badccb2ac49a3,value,Call the Office,Llamar a la oficina,needs_review,bfce2fd570e56d895864cfa1c173c9f8b7d23bcaf09b93fede5cc41b5f3fbcd6,false,checked_in_legacy_catalog,,
site,catalog.legacy.86efb3f44ab05d9b,value,Share an issue or legislative concern through the district office contact options.,Comparta un problema o una inquietud legislativa mediante las opciones de contacto de la oficina del distrito.,needs_review,5426af2dfa78486fe3494c24409dcaa71212f610f5f25df77ec636785e98cf39,false,checked_in_legacy_catalog,,
site,catalog.legacy.89edae423ced50cb,value,Carmen Morales,Carmen Morales,needs_review,cd06f608885c88529187d64f4c85fe3cdb38fbacde20eb3388738e77f12c1439,true,checked_in_legacy_catalog,,
site,catalog.legacy.8a56089bbdd379ae,value,State Agency Assistance,Asistencia con agencias estatales,needs_review,db77c64f08864b51fa3530abcdcb534e7d1b3b4d8562ccb445c64a8bda1af778,false,checked_in_legacy_catalog,,
site,catalog.legacy.8a6648b00f66f3e9,value,"152 Franklin Street, Belleville, NJ 07109","152 Franklin Street, Belleville, NJ 07109",needs_review,3c124e54bdb3912dfd6597ebb00980f42dcf7173cc491a5dc27696659b114228,true,checked_in_legacy_catalog,,
site,catalog.legacy.8bf1d33a30dae97a,value,Office of Assemblywoman Carmen Theresa Morales,Office of Assemblywoman Carmen Theresa Morales,needs_review,0777ca344c8559adca574a62bc0a92d3ff537fe2fd3b0947f14ada877e0f2ee4,true,checked_in_legacy_catalog,,
site,catalog.legacy.8d1446fea3f58b86,value,News & Updates,Noticias y novedades,needs_review,23407d132b350741d5d6c03dd542cac80a2189ca2ad62d4419ff9dc0d98a8f5e,false,checked_in_legacy_catalog,,
site,catalog.legacy.901e0c4dd7dcd1f1,value,Contact Office,Contactar Oficina,needs_review,695aa8574d2197a1c0aafd72cfb3a7e3790b276b5ccb1dbd0842c46033536344,false,checked_in_legacy_catalog,,
site,catalog.legacy.94934ce6a4cd3340,value,Official Updates,Novedades oficiales,needs_review,e52b915732c565dd62ce2c9bc6aebd979bcbf644d86f927ada26edbed085fa49,false,checked_in_legacy_catalog,,
site,catalog.legacy.94c1f63316124282,value,Legislative Priorities,Prioridades legislativas,needs_review,c3fe699f398d5c8669d3ff54405381a37a3845b8ee06362f3261a88aee7f5c54,false,checked_in_legacy_catalog,,
site,catalog.legacy.94ce630cd6f829c3,value,View resources,Ver recursos,needs_review,c57bf87b9084e15adeff3a3f3ebea11b7361014fe33c461ec6b639af46be0a42,false,checked_in_legacy_catalog,,
site,catalog.legacy.96fc9a9e7c6f4cc9,value,District outreach event with community members,Evento de alcance del distrito con miembros de la comunidad,needs_review,651371b1e226793a88ee7ad600ff9d04fdfbce63b97fea8225fe67f262dc3f8d,false,checked_in_legacy_catalog,,
site,catalog.legacy.98e87d76a7508687,value,Consent and Preferences,Consentimiento y preferencias,needs_review,1814ed32e2541862d60e49aa2c481f1b8c0e3d86b8aae99d6a76709f1171a967,false,checked_in_legacy_catalog,,
site,catalog.legacy.991f235badda6dfe,value,Residents can call (973) 450-0484 when online intake is unavailable.,Los residentes pueden llamar al (973) 450-0484 cuando la recepción en línea no esté disponible.,needs_review,ecb1ba9831159655510a39dc80b537f33804bfa64e21a373bb646199d7315e55,false,checked_in_legacy_catalog,,
site,catalog.legacy.9af5d96b7ae759f3,value,"Read published district office updates and use the New Jersey Legislature record for current bills, votes, committees, and public proceedings.","Lea las novedades publicadas por la oficina del distrito y use el registro de la Legislatura de Nueva Jersey para consultar proyectos de ley, votaciones, comités y procedimientos públicos vigentes.",needs_review,d41c091bbbf4c70fbb53acbfceef8d76d2938fb45f60c62e7d2ebd29cb7ee410,false,checked_in_legacy_catalog,,
site,catalog.legacy.9b3f4cbd7eb87846,value,"For authoritative election guidance, use the Division of Elections contact and help resources.","Para obtener orientación electoral autorizada, use los recursos de contacto y ayuda de la División de Elecciones.",needs_review,af301e67b140ef4512aadf0c26ef1af627dc38c44f361af9f0caad1934112c63,false,checked_in_legacy_catalog,,
site,catalog.legacy.9b95afee1399add6,value,Register or Update Your Record,Registrarse o actualizar su registro,needs_review,ad1c5bc8e90930fbf62f9a34c4f6891cd4000ab8cd82e9889462c5d58953c639,false,checked_in_legacy_catalog,,
site,catalog.legacy.9bcb9ea5ca4da5e0,value,Additional district media,Material visual adicional del distrito,needs_review,37c2c58b090a33ea095391b8dab307f4758ef8a18a6b040e53ce70baef2e91ef,false,checked_in_legacy_catalog,,
site,catalog.legacy.9c19e0e2a1e497fd,value,Her official biography lists a career in education and service as an Essex County College trustee from 2017 through 2023.,Su biografía oficial describe una carrera en educación y su servicio como miembro de la junta de Essex County College entre 2017 y 2023.,needs_review,23c31e6ee469f7cbd59b0e5ddb2e3dcd50194d8093f95684bb82033db33380ab,false,checked_in_legacy_catalog,,
site,catalog.legacy.9e0b72e3ab2f198c,value,"The page may have moved, or the address may be incorrect. Use one of the links below to continue.",Es posible que la página se haya movido o que la dirección sea incorrecta. Use uno de los enlaces a continuación para seguir navegando.,needs_review,2995fa8081bca4f0e7040027a9703b1cb43af818309fa675ebbeff38bcc47d7d,false,checked_in_legacy_catalog,,
site,catalog.legacy.a0b0d6c4690c3628,value,"Find district office contact information, official legislative resources, voting guidance, and ways to request help with a New Jersey state agency.","Encuentre información de contacto de la oficina del distrito, recursos legislativos oficiales, orientación electoral y maneras de solicitar ayuda con una agencia estatal de Nueva Jersey.",needs_review,80c4d4f1ab8733f98021006437d7bee42c05fcc21855ce84d4f42c8c4ad37880,false,checked_in_legacy_catalog,,
site,catalog.legacy.a0d9141130f7b1dc,value,"Use official New Jersey election resources for registration, vote-by-mail, early voting, polling locations, and election dates.","Use los recursos electorales oficiales de Nueva Jersey para consultar el registro, el voto por correo, la votación anticipada, los centros de votación y las fechas electorales.",needs_review,0d54e512d14990a600afadfeb8738ca430cd4cfe60605499418238744889e163,false,checked_in_legacy_catalog,,
site,catalog.legacy.a469ab4ca4e55bf5,value,Page not found,Página no encontrada,needs_review,55d7da910463c85f7f7fbab06ceb50912936499c64a144c02947c2641b51399b,false,checked_in_legacy_catalog,,
site,catalog.legacy.a544407c46f4d650,value,Submitting this form creates a pending District Newsletter confirmation request. You are not subscribed until you confirm using the email sent to your inbox.,Enviar este formulario crea una solicitud pendiente de confirmación del Boletín del distrito. No estará suscrito hasta que confirme mediante el correo enviado a su bandeja de entrada.,needs_review,84132a8ef465fcc01fffbee2e63d72425ca6129904199f91f1ce8286ef875f0a,false,checked_in_legacy_catalog,,
site,catalog.legacy.a765785faa18d6a4,value,"Find sponsored bills, votes, committee assignments, biography, and contact information.","Encuentre proyectos de ley patrocinados, votaciones, asignaciones de comités, biografía e información de contacto.",needs_review,6e5a2424fe560afec971fc44e2a7724e9cd4465d6dba7a9c5a2571166a672c06,false,checked_in_legacy_catalog,,
site,catalog.legacy.a95c5dc9f6e3217f,value,The official roster lists Assemblywoman Morales as Chair of the Assembly Higher Education Committee.,El registro oficial identifica a la asambleísta Morales como presidenta del Comité de Educación Superior de la Asamblea.,needs_review,9947a004780b403de268112bb58fd87fe7440fb346aa4d9867cced4da5dec385,false,checked_in_legacy_catalog,,
site,catalog.legacy.a97a693a9a6daad4,value,Submit Message,Enviar mensaje,needs_review,a730d6c0c9bc5dc3b61f2fec96828d7a92e83d1801502e044c890b604de3733b,false,checked_in_legacy_catalog,,
site,catalog.legacy.ac576a66d4563e60,value,Skip to content,Saltar al contenido,needs_review,cd982a447c7a52631781015fb0b8f4900666caa12a8859062ee3a7c77871ecdd,false,checked_in_legacy_catalog,,
site,catalog.legacy.aca2f665db08be74,value,Voting,Elecciones,needs_review,9b08baaa10644d9dc1f5eff7b5dfe60763679ea42a37e04461ed9511e33e9be5,false,checked_in_legacy_catalog,,
site,catalog.legacy.b057a21e7227e8f0,value,District Notices,Avisos del distrito,needs_review,7ca92d1935f80cc5f973769afb540c8e17a9b357333e95b3f35f49d98257bfbb,false,checked_in_legacy_catalog,,
site,catalog.legacy.b10dfd6782391139,value,This site uses the local image collection supplied with the website; no image is presented as proof of a specific service outcome.,Este sitio usa la colección local de imágenes proporcionada con el sitio web; ninguna imagen se presenta como prueba del resultado de un servicio específico.,needs_review,911db0b129a557d143def727fb2853283c37aed8f8e336352896c093344f8b2e,false,checked_in_legacy_catalog,,
site,catalog.legacy.b19f46cddf89beba,value,"Office, voting, and contact resources","Recursos de la oficina, electorales y de contacto",needs_review,77cf355a22afefae18b7453651ebecd20cf35257b36a23e23944a49f9a7131de,false,checked_in_legacy_catalog,,
site,catalog.legacy.b4cec150c2383a09,value,Published updates,Novedades publicadas,needs_review,5d7c37e638b43b4083c85bfba5b729bb2ab25200b1447afeee7e13dd3dbe893b,false,checked_in_legacy_catalog,,
site,catalog.legacy.b88a20b9c3577744,value,Get News & Updates by email,Reciba noticias y novedades por correo electrónico,needs_review,209db69923b3540869ebda29a8654d276352716913f74cdedc3357474017a40b,false,checked_in_legacy_catalog,,
site,catalog.legacy.b919f50dc07e4da0,value,Find Civic Resources,Encontrar recursos cívicos,needs_review,4a1abc3183743c1751497b0ce7263c8228f04eb7848e06d0f8903d72d0050761,false,checked_in_legacy_catalog,,
site,catalog.legacy.b972bcc9c23cc34b,value,New Jersey General Assembly electronic vote board,Tablero electrónico de votación de la Asamblea General de Nueva Jersey,needs_review,acd82479f4b25ac335e9479c01887b79cc25d9d77d934813c7f6b581267a277e,false,checked_in_legacy_catalog,,
site,catalog.legacy.bb501d7877eb7ddb,value,Community,Comunidad,needs_review,6eedae4c355b3bd8b901d7617dc0967fc5db3451809c6b298bee2c4b78f782ac,false,checked_in_legacy_catalog,,
site,catalog.legacy.bbcc935e4263ac40,value,Return home,Volver al inicio,needs_review,3d5cf6ac90e31ea71f43da0ef7f987653ce9fc628e9e355acd575e712496a057,false,checked_in_legacy_catalog,,
site,catalog.legacy.bd7fb94ede2ed5ec,value,"District Newsletter emails share legislative information, public services, and district events. The live form uses an explicit confirmation request before any subscription becomes active.","Los correos del Boletín del distrito comparten información legislativa, servicios públicos y eventos del distrito. El formulario en vivo requiere una confirmación explícita antes de activar cualquier suscripción.",needs_review,d9dd8692e42ee7b32e821f761bf0099a1b387bd86f37fc107475bff4f8803adb,false,checked_in_legacy_catalog,,
site,catalog.legacy.bfe7a5f980dd53f8,value,Site Sections,Secciones del sitio,needs_review,feb33e4a9922d47b46745e63801f79bc2c13c06fd9ed4ace3053a2f2f17c636d,false,checked_in_legacy_catalog,,
site,catalog.legacy.bff08884db69d6ea,value,Use the state's voter information portal for polling places and election resources.,Use el portal estatal de información para votantes para encontrar centros de votación y recursos electorales.,needs_review,a6b0c807774e368a7cf313a55ef5b995d79cbcbb2a77f61e4430f4f96d348a6a,false,checked_in_legacy_catalog,,
site,catalog.legacy.c08ffd229c5ca46c,value,"Use official New Jersey Legislature sources for sponsored bills, votes, committee work, and current public information.","Use las fuentes oficiales de la Legislatura de Nueva Jersey para consultar proyectos de ley patrocinados, votaciones, trabajo de comités e información pública vigente.",needs_review,77207704534fd9d3d6fe403f430b8f659caed1814f5937325821b0fbe0d24179,false,checked_in_legacy_catalog,,
site,catalog.legacy.c0d4c0cc87c49029,value,Join the District Newsletter,Suscríbase al Boletín del distrito,needs_review,4420fd5029f666890c8d7cb9060746b902696352cf482ae5d28ea3304a4d3c65,false,checked_in_legacy_catalog,,
site,catalog.legacy.c27052ccd5a14be9,value,Check current committee assignments and schedules through the New Jersey Legislature.,Consulte las asignaciones y los calendarios actuales de los comités en la Legislatura de Nueva Jersey.,needs_review,f5a934407129d6d8380cc4d51248fda29ee919c51dc55a4b7436b0e63e149bf8,false,checked_in_legacy_catalog,,
site,catalog.legacy.c32ba414a21503c3,value,Email Updates,Actualizaciones por correo electrónico,needs_review,33d5dc976ce9733aceb49ab78a7578be4023cf0c765dbef0c3753d9def3146a8,false,checked_in_legacy_catalog,,
site,catalog.legacy.c36cca87177120a4,value,Legislative and District Updates,Novedades legislativas y del distrito,needs_review,48e2726d99e24b3076c44ef4d275a8f0bff4419f86a9eec16d717ab5a93c8878,false,checked_in_legacy_catalog,,
site,catalog.legacy.c83a46947d2e6557,value,"The district includes Belleville, Bloomfield, East Orange, Glen Ridge, Nutley, and Orange.","El distrito incluye Belleville, Bloomfield, East Orange, Glen Ridge, Nutley y Orange.",needs_review,c271ab225ab5859bd8285119cebcf5b6aa43c25e8eb88fec0b9cd6dbceb87ba0,false,checked_in_legacy_catalog,,
site,catalog.legacy.c8f173cedbcfd217,value,District office service,Servicio de la oficina del distrito,needs_review,6b394f1e913f53edadcff79904ea02d42c899e0b63da260fad77bace4f94a777,false,checked_in_legacy_catalog,,
site,catalog.legacy.c911517e818856e7,value,District office media,Material visual de la oficina del distrito,needs_review,ce651d05661bec0e17154029562d546b7f143809172b386a38843baf2a848049,false,checked_in_legacy_catalog,,
site,catalog.legacy.c97d124700189a4e,value,Community and small business engagement,Participación comunitaria y de pequeños negocios,needs_review,9dc706fc5d127a61c58388d826e4afd409b343d0fc4db0077c98ed1797b84114,false,checked_in_legacy_catalog,,
site,catalog.legacy.cbece729895637d1,value,"Start with official state information, then contact the district office if you need help identifying the appropriate New Jersey agency.",Comience con la información oficial del estado y luego comuníquese con la oficina del distrito si necesita ayuda para identificar la agencia de Nueva Jersey correspondiente.,needs_review,e6cb423ebf5810587cf7cdd849651e839e0cd011665749d2ab88df75feda7459,false,checked_in_legacy_catalog,,
site,catalog.legacy.cc416ffc62d4ae1b,value,Public Information and Media,Información pública y medios,needs_review,64e569320f9bb3d03f3769ae2884852400615b8af065f325c97dc6efa3f2f5ea,false,checked_in_legacy_catalog,,
site,catalog.legacy.cca62d050ff42a82,value,We couldn't find that page.,No pudimos encontrar esa página.,needs_review,95acf61fd5958177e38ea89ec7f3e5b120bdbf3d2cb913c370b2e589a06d6d57,false,checked_in_legacy_catalog,,
site,catalog.legacy.cea87ccca4eaeed0,value,Find Polling Information,Encontrar información sobre centros de votación,needs_review,1700b28af39e37fd4c3130ce6276d4c15bc62e08a6815fc80e282b34f2ad40e3,false,checked_in_legacy_catalog,,
site,catalog.legacy.cebb4a10b86593f8,value,Legislative Contact Form,Formulario de contacto legislativo,needs_review,65281adbc9061aecc0ed4434414ced56adfeb50061e914cdb2a8ad4c081eeaf0,false,checked_in_legacy_catalog,,
site,catalog.legacy.cf9f56e128ef617c,value,You can also use the official New Jersey Legislature contact form for the Assemblywoman.,También puede usar el formulario de contacto oficial de la Legislatura de Nueva Jersey para comunicarse con la asambleísta.,needs_review,5edfcc5e017087f85e62c71597ba8e60901bd74cf996f680aef414ff111ca83b,false,checked_in_legacy_catalog,,
site,catalog.legacy.cfef2c313781544e,value,Community members gathered at a district event,Miembros de la comunidad reunidos en un evento del distrito,needs_review,c3eb49f56fef7c8ee4f78ed184032b67d9396ad9e3a9351eb7d5a7d806b5ebce,false,checked_in_legacy_catalog,,
site,catalog.legacy.d189de5a7d14f3c2,value,Legislation and district information,Legislación e información del distrito,needs_review,ef1fcf4e714454e46e1ad941132e84eea645e10fc884c5f967d29ffb5095d5d5,false,checked_in_legacy_catalog,,
site,catalog.legacy.d19ada2bbaa3478f,value,Newsletter confirmation and privacy notice,Confirmación del boletín y aviso de privacidad,needs_review,2ee31eb7a6db97eb3046b2453f430701bfba1a16d06a1c19d8cf14b0bd8a9957,false,checked_in_legacy_catalog,,
site,catalog.legacy.d3d40f0fd87df68a,value,Small Business Conversations,Conversaciones con pequeños negocios,needs_review,31c8301aed69a0d70a8e1b59a9d2280803b539eeb4469653e4f53a28cbd7affa,false,checked_in_legacy_catalog,,
site,catalog.legacy.d3e83c8534eb38ab,value,Send a message to the District Office,Envíe un mensaje a la oficina del distrito,needs_review,7d3b29ba025d0db1f1c7ffccf5335dfbd76760f1a66557599b1e074fbc844c92,false,checked_in_legacy_catalog,,
site,catalog.legacy.d42d9650e805c4a8,value,Page Features,Funciones de la página,needs_review,880a9abcc80e62227d0ed71adbfd92216b58bbb3478869af431c504f0f812e47,false,checked_in_legacy_catalog,,
site,catalog.legacy.d474fd3ab3193da9,value,Community Updates,Actualizaciones comunitarias,needs_review,74f01a84a144097353cc64bb542e67bbd3846b61aa113dcc4c09db69cef8542b,false,checked_in_legacy_catalog,,
site,catalog.legacy.d5d6b1a626aeb450,value,Review how the office and Resend handle newsletter information in the,Consulte cómo la oficina y Resend manejan la información del boletín en el,needs_review,55e5adf64d063811907003e0fd3568b111807dc1270e1aa79a7fc46f7cf8c25d,false,checked_in_legacy_catalog,,
site,catalog.legacy.d86957b90b8ad8b2,value,Review newsletter signup details,Consulte los detalles de suscripción al boletín,needs_review,22a3d2ab8277def46bf89f53fc804085ef877e4e796c44b53692447363002074,false,checked_in_legacy_catalog,,
site,catalog.legacy.dca94240b9d4b7ea,value,Visit the New Jersey Division of Elections for registration and voter information.,Visite la División de Elecciones de Nueva Jersey para obtener información sobre el registro y los votantes.,needs_review,c0dd302a8fa011e543228768fc76b22011ef2b3e3b0d3f0ba0e0d5893cd12d58,false,checked_in_legacy_catalog,,
site,catalog.legacy.de7b52cc558a64c5,value,Public Service Events,Eventos de servicio público,needs_review,8f4d16da444e16bf16184059074bb86c473dd020b9b961b1359ed5101aa32126,false,checked_in_legacy_catalog,,
site,catalog.legacy.e06561371ac05765,value,Local Context,Contexto local,needs_review,aefb8d28fbc045b9985e081db47ec1248db6bfa391c03a1bfc7264524290db00,false,checked_in_legacy_catalog,,
site,catalog.legacy.e0fd345be8bc1f80,value,Committees,Comités,needs_review,2579893539477f9bc7ed659e5ea64861b6ac675816b39d1ec5a71065afa6fbe0,false,checked_in_legacy_catalog,,
site,catalog.legacy.e16ffb7300660d09,value,District and State Resources,Recursos del distrito y del estado,needs_review,ef486b0009146623356f574c47082139b8a11bc8faab98718109554dbe3bc30f,false,checked_in_legacy_catalog,,
site,catalog.legacy.e50dab305215e97a,value,Legislature,Legislatura,needs_review,b1902760c6124325ff5827f656fa104362e89580df60c1210aa987f31ece80f7,false,checked_in_legacy_catalog,,
site,catalog.legacy.e51e51da6e742d13,value,A graduate at a district graduation ceremony,Una persona graduada en una ceremonia de graduación del distrito,needs_review,3f45e19db501e1b7d9e1137cebcdd9a3ccaa03e2000c721a6e462cfbeb2bc670,false,checked_in_legacy_catalog,,
site,catalog.legacy.e539b27d8a4ba8e5,value,District conversations can help residents and business owners identify state resources and share policy concerns.,Las conversaciones del distrito pueden ayudar a residentes y propietarios de negocios a identificar recursos estatales y compartir inquietudes sobre políticas públicas.,needs_review,78c9ac00231da62c9a554fc677b2f6c31293170031cb85fe823b943e06ac1e3d,false,checked_in_legacy_catalog,,
site,catalog.legacy.e622955a4ba6fede,value,Resident Voice,Voz de los residentes,needs_review,1695079a637794e784ed9abcea01a1e0caa824ececcc30daf76e36f798b43b83,false,checked_in_legacy_catalog,,
site,catalog.legacy.e75ec0045c0b3ce0,value,Community health clinic event flyer,Volante de un evento de una clínica de salud comunitaria,needs_review,13964d5590a6a7aeac0d21fd4d40b887f6e195aa6c376b10f7a75cc481bd99c4,false,checked_in_legacy_catalog,,
site,catalog.legacy.e89b30aa1dc30a6a,value,Resources,Recursos,needs_review,67c0a8c04ac341803311353fe5677fdaa349f9d226064dcc674ef7b90d647290,false,checked_in_legacy_catalog,,
site,catalog.legacy.e9630ff12c6a1d98,value,"Watch district notices for verified office hours, clinics, and community events.","Consulte los avisos del distrito para conocer horarios de atención, clínicas y eventos comunitarios verificados.",needs_review,af11f2433eb13c0f63c08115fa50bed88bd011d3ef39c052066df94e2c51ff8c,false,checked_in_legacy_catalog,,
site,catalog.legacy.eb5362520857c917,value,Request the District Newsletter and confirm through the email sent to your inbox before the subscription becomes active.,Solicite el boletín del distrito y confirme mediante el correo enviado a su bandeja de entrada antes de que se active la suscripción.,needs_review,4bb345f2332aab9d2106656d8b024550a82b2b3549c4cd898c4ebdcc9645241e,false,checked_in_legacy_catalog,,
site,catalog.legacy.ec5ba0abb717da87,value,Access,Acceso,needs_review,3f37ab060318d444c8cc0383a130396960a2c35ed45f8ab898f66b96f4f76456,false,checked_in_legacy_catalog,,
site,catalog.legacy.ed077f3d8125d60d,value,Open,Abrir,needs_review,ef60bc9a465e1effe81ada02641a7cb8b1a5d061873cea4a8477f1120a6abf36,false,checked_in_legacy_catalog,,
site,catalog.legacy.effac6049802bbf8,value,District Newsletter,Boletín del distrito,needs_review,903337003fc197e19c5604a1b23ceccc66e9b68947a1f75c366a57912c65868c,false,checked_in_legacy_catalog,,
site,catalog.legacy.f07b16b2cb2f0120,value,Request Assistance,Solicitar ayuda,needs_review,ab21c30c0577cc847364bf0339446549358a28cd99dabe3e6b4cd199db4c02f2,false,checked_in_legacy_catalog,,
site,catalog.legacy.f13a64ba2fea87ef,value,Full name,Nombre completo,needs_review,641840f861e9b74090b237999588b03425ca5100b5298d1f84202eb6d43b2584,false,checked_in_legacy_catalog,,
site,catalog.legacy.f18dccf66b7c5e5b,value,privacy notice,aviso de privacidad,needs_review,c9d20669d41a6b9d9ff6e047eb197c3bd683f7f7d578c64d5eaf3d372ecefa7d,false,checked_in_legacy_catalog,,
site,catalog.legacy.f1b7505afa5c9e2b,value,Social,Redes sociales,needs_review,a9692250d71204cf8b5d2b0ec7f29729c2bd6b526e254fbf888ddf040a28bdad,false,checked_in_legacy_catalog,,
site,catalog.legacy.f2488fd4ef4adbc6,value,Email address,Correo electrónico,needs_review,b3760ce24d245c078f7805ecaa3d0b609bbc565ef20ef7d2f907916d153645e7,false,checked_in_legacy_catalog,,
site,catalog.legacy.f3fb4c9bfacc6c9a,value,District Updates,Novedades del distrito,needs_review,0aa777e065c19d204f056496119bc247aec0f9978ff9f8133997291af9dcfded,false,checked_in_legacy_catalog,,
site,catalog.legacy.f84ca2e7716bec94,value,Newsletter,Boletín,needs_review,db067979a78114bc1210a1c0cf4747b0e8c7e25d6834dc284497832bcc3d78a6,false,checked_in_legacy_catalog,,
site,catalog.legacy.f9f33b667ca8f469,value,Submit Feedback,Enviar comentarios,needs_review,ac49f33b256232996e27acb973c72f00de1adb792a76d0a6f2b4fe09a60308af,false,checked_in_legacy_catalog,,
site,catalog.legacy.f9ffab3c94da85d7,value,View Services,Ver servicios,needs_review,8fb84f99146a176ae85378c0cb1c48f413dc1f82ef9b8a4695837fd67804600b,false,checked_in_legacy_catalog,,
site,catalog.legacy.fb989b963103cdc6,value,"Submitting the form creates a confirmation request, not an active subscription. Every newsletter includes an unsubscribe link.","Enviar el formulario crea una solicitud de confirmación, no una suscripción activa. Cada boletín incluye un enlace para cancelar la suscripción.",needs_review,37f695b46c2051f5af08e9018ecd9df1efaed1acbfaa68f72b3b30b989226170,false,checked_in_legacy_catalog,,
site,community.cards.constituent-conversations.body,value,"Contact the district office to share a concern, ask a question, or request help with a state matter.","Comuníquese con la oficina del distrito para compartir una inquietud, hacer una pregunta o solicitar ayuda con un asunto estatal.",needs_review,c11f0859f93e7843ee081a5a941f69f7799e1ca26389452bb1ba4d8aa6f84916,false,public_html:/community,,
site,community.cards.constituent-conversations.link,label,Open,Abrir,needs_review,7880531e09e103c04cbd64c078eea67a0cd9c373a278c79cb97494825c287af7,false,public_html:/community,,
site,community.cards.constituent-conversations.title,value,Constituent Conversations,Conversaciones con residentes,needs_review,32104c1442052741ff4b9213cfec5fb5e1ef1ea7399c327172e592906338e054,false,public_html:/community,,
site,community.cards.graduation-youth.body,value,The official roster lists Assemblywoman Morales as Chair of the Assembly Higher Education Committee.,El registro oficial identifica a la asambleísta Morales como presidenta del Comité de Educación Superior de la Asamblea.,needs_review,9947a004780b403de268112bb58fd87fe7440fb346aa4d9867cced4da5dec385,false,public_html:/community,,
site,community.cards.graduation-youth.link,label,Open,Abrir,needs_review,7880531e09e103c04cbd64c078eea67a0cd9c373a278c79cb97494825c287af7,false,public_html:/community,,
site,community.cards.graduation-youth.title,value,Schools and Youth,Escuelas y juventud,needs_review,f7d6416fc6f19de7fbcd63f9c0629c96225bd896aa2eb6811f6d23ce646eb076,false,public_html:/community,,
site,community.cards.small-business-roundtables.body,value,District conversations can help residents and business owners identify state resources and share policy concerns.,Las conversaciones del distrito pueden ayudar a residentes y propietarios de negocios a identificar recursos estatales y compartir inquietudes sobre políticas públicas.,needs_review,78c9ac00231da62c9a554fc677b2f6c31293170031cb85fe823b943e06ac1e3d,false,public_html:/community,,
site,community.cards.small-business-roundtables.link,label,Open,Abrir,needs_review,7880531e09e103c04cbd64c078eea67a0cd9c373a278c79cb97494825c287af7,false,public_html:/community,,
site,community.cards.small-business-roundtables.title,value,Small Business Conversations,Conversaciones con pequeños negocios,needs_review,31c8301aed69a0d70a8e1b59a9d2280803b539eeb4469653e4f53a28cbd7affa,false,public_html:/community,,
site,community.features.body,value,Use these links for current public information or contact the district office at (973) 450-0484.,Use estos enlaces para consultar información pública vigente o comuníquese con la oficina del distrito al (973) 450-0484.,needs_review,53776ae6af97f79ac512438b9f2db8db0302a328892f4c22c9e48a1e15751f2c,false,public_html:/community,,
site,community.features.eyebrow,value,Page Resources,Recursos de la página,needs_review,e13668e00d5b45bce671c3b18ca7734425255d25eb8d32a7b2e5a55cdd66f8ba,false,public_html:/community,,
site,community.features.title,value,Verified paths for District 34 residents,Recursos verificados para residentes del Distrito 34,needs_review,bf81c696432dc2fc9aba49babce5ff454920e0e55a54e8897a00529cd25471fe,false,public_html:/community,,
site,community.hero.body,value,"District 34 includes Belleville, Bloomfield, East Orange, Glen Ridge, Nutley, and Orange in Essex County.","El Distrito 34 incluye Belleville, Bloomfield, East Orange, Glen Ridge, Nutley y Orange en el condado de Essex.",needs_review,a3aa3a3b3ecd0036d0d2749413c35a39e60288e197e57d074099db891bd78b95,false,public_html:/community,,
site,community.hero.eyebrow,value,Community,Comunidad,needs_review,6eedae4c355b3bd8b901d7617dc0967fc5db3451809c6b298bee2c4b78f782ac,false,public_html:/community,,
site,community.hero.primary-cta,label,Contact the Office,Contactar a la oficina,needs_review,f22cb79c2d8cc19521dca6f4a770ad51a5dfb17f95d5e6cabfb4db208fa56648,false,public_html:/community,,
site,community.hero.secondary-cta,label,Get Updates,Recibir actualizaciones,needs_review,ed4c3d6bb2ac7925039fa753c656547d18590799b716e314704237dcf1a11d8f,false,public_html:/community,,
site,community.hero.title,value,Around District 34,En el Distrito 34,needs_review,9d48935357554456133a06b13a20f0914b8325a56960e1eb7c9ae3a2ead1df45,false,public_html:/community,,
site,contact.cards.community-requests.body,value,You can also use the official New Jersey Legislature contact form for the Assemblywoman.,También puede usar el formulario de contacto oficial de la Legislatura de Nueva Jersey para comunicarse con la asambleísta.,needs_review,5edfcc5e017087f85e62c71597ba8e60901bd74cf996f680aef414ff111ca83b,false,public_html:/contact,,
site,contact.cards.community-requests.link,label,Open,Abrir,needs_review,7880531e09e103c04cbd64c078eea67a0cd9c373a278c79cb97494825c287af7,false,public_html:/contact,,
site,contact.cards.community-requests.title,value,Legislative Contact Form,Formulario de contacto legislativo,needs_review,65281adbc9061aecc0ed4434414ced56adfeb50061e914cdb2a8ad4c081eeaf0,false,public_html:/contact,,
site,contact.cards.district-office.body,value,"152 Franklin Street, Belleville, NJ 07109","152 Franklin Street, Belleville, NJ 07109",needs_review,3c124e54bdb3912dfd6597ebb00980f42dcf7173cc491a5dc27696659b114228,true,public_html:/contact,,
site,contact.cards.district-office.title,value,District Office,Oficina del distrito,needs_review,01a8c20cc4f826866b2f81f83ec586457fe99bf8ce8a8fe7dabc6f66c9fac57f,false,public_html:/contact,,
site,contact.cards.send-message.body,value,Speak with the district office at (973) 450-0484.,Hable con la oficina del distrito llamando al (973) 450-0484.,needs_review,7da54d9bcf83f5075f94465bb54a78a367cfb17a319a36b6bb30b4ff774f8361,false,public_html:/contact,,
site,contact.cards.send-message.link,label,Open,Abrir,needs_review,7880531e09e103c04cbd64c078eea67a0cd9c373a278c79cb97494825c287af7,false,public_html:/contact,,
site,contact.cards.send-message.title,value,Call the Office,Llamar a la oficina,needs_review,bfce2fd570e56d895864cfa1c173c9f8b7d23bcaf09b93fede5cc41b5f3fbcd6,false,public_html:/contact,,
site,contact.features.body,value,Use these links for current public information or contact the district office at (973) 450-0484.,Use estos enlaces para consultar información pública vigente o comuníquese con la oficina del distrito al (973) 450-0484.,needs_review,53776ae6af97f79ac512438b9f2db8db0302a328892f4c22c9e48a1e15751f2c,false,public_html:/contact,,
site,contact.features.eyebrow,value,Page Resources,Recursos de la página,needs_review,e13668e00d5b45bce671c3b18ca7734425255d25eb8d32a7b2e5a55cdd66f8ba,false,public_html:/contact,,
site,contact.features.title,value,Verified paths for District 34 residents,Recursos verificados para residentes del Distrito 34,needs_review,bf81c696432dc2fc9aba49babce5ff454920e0e55a54e8897a00529cd25471fe,false,public_html:/contact,,
site,contact.form.body,value,Online submission is shown only when an approved form revision and verification service are available.,,missing,1619486bf110eba0314338c0d90185d0792131b5bced62d86efdb02a84b6481b,false,public_html:/contact,,
site,contact.form.eyebrow,value,Resident Form,Formulario para residentes,needs_review,99bc14241108e6d37953086cb0b1ad5ff58d551020a3be30fc32f3aa92c44c30,false,public_html:/contact,,
site,contact.form.title,value,District office intake,,missing,c1a77c0826aadf4defd715cfa2af3ebd1056de1a64f32b2aeffa61929d981b76,false,public_html:/contact,,
site,contact.hero.body,value,"152 Franklin Street, Belleville, NJ 07109. Call (973) 450-0484 for district office assistance.","152 Franklin Street, Belleville, NJ 07109. Llame al (973) 450-0484 para recibir asistencia de la oficina del distrito.",needs_review,a963326b565ce44e9f591b86e3688fe58946e10371aa5ec84ee0b7414c2ae512,false,public_html:/contact,,
site,contact.hero.eyebrow,value,Office Access,Acceso a la oficina,needs_review,4fb0116ae74c43c3c91d47f19cc849a3249173099f344f5d4310e6eaae1af49d,false,public_html:/contact,,
site,contact.hero.primary-cta,label,Contact the Office,Contactar a la oficina,needs_review,f22cb79c2d8cc19521dca6f4a770ad51a5dfb17f95d5e6cabfb4db208fa56648,false,public_html:/contact,,
site,contact.hero.secondary-cta,label,Get Updates,Recibir actualizaciones,needs_review,ed4c3d6bb2ac7925039fa753c656547d18590799b716e314704237dcf1a11d8f,false,public_html:/contact,,
site,contact.hero.title,value,Contact the District Office,Contactar a la oficina del distrito,needs_review,464b978d4ebc6386255afd0e4523a87ece4c3f53fc66943fbd069cd884e81017,false,public_html:/contact,,
site,global.accessibility.skip,value,Skip to content,Saltar al contenido,needs_review,cd982a447c7a52631781015fb0b8f4900666caa12a8859062ee3a7c77871ecdd,false,"public_html:/,public_html:/about,public_html:/community,public_html:/contact,public_html:/news,public_html:/newsletter,public_html:/newsletter/confirm,public_html:/privacy,public_html:/resources,public_html:/social,public_html:/survey,public_html:/voting",,
site,global.contact,value,Contact Office,Contactar a la oficina,needs_review,695aa8574d2197a1c0aafd72cfb3a7e3790b276b5ccb1dbd0842c46033536344,false,checked_in_stable_catalog,,
site,global.footer.access-body,value,"152 Franklin Street, Belleville, NJ 07109","152 Franklin Street, Belleville, NJ 07109",needs_review,3c124e54bdb3912dfd6597ebb00980f42dcf7173cc491a5dc27696659b114228,true,"public_html:/,public_html:/about,public_html:/community,public_html:/contact,public_html:/news,public_html:/newsletter,public_html:/newsletter/confirm,public_html:/privacy,public_html:/resources,public_html:/social,public_html:/survey,public_html:/voting",,
site,global.footer.access-title,value,Office Access,Acceso a la oficina,needs_review,4fb0116ae74c43c3c91d47f19cc849a3249173099f344f5d4310e6eaae1af49d,false,"checked_in_public_catalog,public_html:/,public_html:/about,public_html:/community,public_html:/contact,public_html:/news,public_html:/newsletter,public_html:/newsletter/confirm,public_html:/privacy,public_html:/resources,public_html:/social,public_html:/survey,public_html:/voting",,
site,global.footer.communication-body,template,Call {phone} for district office assistance.,Llame al {phone} para recibir asistencia de la oficina del distrito.,needs_review,38c5d26831be9525018457e616782fc147fa8bf96a2b59d8af4da478f367ccd3,false,checked_in_public_catalog,,
site,global.footer.communication-body,value,Call (973) 450-0484 for district office assistance.,,missing,ecb8af464291b10c13dfd443b3572cb65580ba63576db113892764d645d7c1bb,false,"public_html:/,public_html:/about,public_html:/community,public_html:/contact,public_html:/news,public_html:/newsletter,public_html:/newsletter/confirm,public_html:/privacy,public_html:/resources,public_html:/social,public_html:/survey,public_html:/voting",,
site,global.footer.privacy,value,Privacy,Privacidad,needs_review,0bc3328c79cb72cab80b94eca35c3fb771b6db0231c61dd8f72264ed0e340351,false,checked_in_public_catalog,,
site,global.footer.sections-title,value,Site Sections,Secciones del sitio,needs_review,feb33e4a9922d47b46745e63801f79bc2c13c06fd9ed4ace3053a2f2f17c636d,false,"checked_in_public_catalog,public_html:/,public_html:/about,public_html:/community,public_html:/contact,public_html:/news,public_html:/newsletter,public_html:/newsletter/confirm,public_html:/privacy,public_html:/resources,public_html:/social,public_html:/survey,public_html:/voting",,
site,global.footer.staff-portal,value,Staff Portal,Portal del personal,needs_review,e6379ecda2cfa665c84b34a7078b05441042d3fbab079624b9145db002001871,false,checked_in_public_catalog,,
site,global.header.brand,value,Office of Assemblywoman Carmen Theresa Morales,Office of Assemblywoman Carmen Theresa Morales,needs_review,0777ca344c8559adca574a62bc0a92d3ff537fe2fd3b0947f14ada877e0f2ee4,true,"public_html:/,public_html:/about,public_html:/community,public_html:/contact,public_html:/news,public_html:/newsletter,public_html:/newsletter/confirm,public_html:/privacy,public_html:/resources,public_html:/social,public_html:/survey,public_html:/voting",,
site,global.header.contact,label,Contact Office,Contactar a la oficina,needs_review,05b6098be6b0613a484c9ac8b0fd4d8fd68cb9108300eb6aab8f8d2b62d5f42d,false,"public_html:/,public_html:/about,public_html:/community,public_html:/contact,public_html:/news,public_html:/newsletter,public_html:/newsletter/confirm,public_html:/privacy,public_html:/resources,public_html:/social,public_html:/survey,public_html:/voting",,
site,global.header.contact,value,Contact Office,Contactar a la oficina,needs_review,695aa8574d2197a1c0aafd72cfb3a7e3790b276b5ccb1dbd0842c46033536344,false,checked_in_public_catalog,,
site,global.header.mobile-navigation,value,Mobile navigation,Navegación móvil,needs_review,1fd41a5ff10588216401f1848cad1b1020acb9ffe446f99f6d8b1ca371609f29,false,checked_in_public_catalog,,
site,global.header.open-menu,value,Open menu,Abrir menú,needs_review,d9b493b86f864246c512ee4158b24c6a60cd92ebdfdb4ad96e425c2b95da9a94,false,checked_in_public_catalog,,
site,global.header.primary-navigation,value,Primary navigation,Navegación principal,needs_review,0903a87c05a6ab0b33a4167bd5f8c5671df4047f91b8f75ffa069485cdec0462,false,checked_in_public_catalog,,
site,global.language.change-to-en,value,View site in English,View site in English,needs_review,b8d110c9e3b9b89da470b9b02f789927d71365e800a41325a734773f595878e4,true,checked_in_public_catalog,,
site,global.language.change-to-es,value,View site in Spanish,Ver el sitio en español,needs_review,0fa885487c05ac8eb7ed5e35658d9fa333cbaa80fa0f2ce5db4842e889e35002,false,checked_in_public_catalog,,
site,global.language.english,value,English,English,needs_review,60b30858307857ea5432121bc40f04df5689117603cd438992f5f01fb459cfa2,true,checked_in_public_catalog,,
site,global.language.spanish,value,Spanish,Español,needs_review,582bb31457a3d740eec6132b9302d5991439208e1eacdcce2c81ef85b7080477,false,checked_in_public_catalog,,
site,global.navigation.about,value,About,Acerca de,needs_review,a9d209935ae379c103e206a0f3eaa6a0cf7f6cfeb250fc657fae58d9fd5ccd4a,false,checked_in_public_catalog,,
site,global.navigation.about.label,value,About,Acerca de,needs_review,a9d209935ae379c103e206a0f3eaa6a0cf7f6cfeb250fc657fae58d9fd5ccd4a,false,"public_html:/,public_html:/about,public_html:/community,public_html:/contact,public_html:/news,public_html:/newsletter,public_html:/newsletter/confirm,public_html:/privacy,public_html:/resources,public_html:/social,public_html:/survey,public_html:/voting",,
site,global.navigation.about.link,label,About,Acerca de,needs_review,fe36b9ad1982762a56d4348309bd6ab1154f3d5c08f6f810952448d3d0038a5b,false,"public_html:/,public_html:/about,public_html:/community,public_html:/contact,public_html:/news,public_html:/newsletter,public_html:/newsletter/confirm,public_html:/privacy,public_html:/resources,public_html:/social,public_html:/survey,public_html:/voting",,
site,global.navigation.community,value,Community,Comunidad,needs_review,6eedae4c355b3bd8b901d7617dc0967fc5db3451809c6b298bee2c4b78f782ac,false,checked_in_public_catalog,,
site,global.navigation.community.label,value,Community,Comunidad,needs_review,6eedae4c355b3bd8b901d7617dc0967fc5db3451809c6b298bee2c4b78f782ac,false,"public_html:/,public_html:/about,public_html:/community,public_html:/contact,public_html:/news,public_html:/newsletter,public_html:/newsletter/confirm,public_html:/privacy,public_html:/resources,public_html:/social,public_html:/survey,public_html:/voting",,
site,global.navigation.community.link,label,Community,Comunidad,needs_review,96a2b89974cc57efebc4fbf516567cb98d7420f69cf5d688c6690e836fde4bcc,false,"public_html:/,public_html:/about,public_html:/community,public_html:/contact,public_html:/news,public_html:/newsletter,public_html:/newsletter/confirm,public_html:/privacy,public_html:/resources,public_html:/social,public_html:/survey,public_html:/voting",,
site,global.navigation.contact,value,Contact,Contacto,needs_review,0a005fed4e7a91b76f9538cc810f2fbf755601e282d0eee21f5c322082097340,false,checked_in_public_catalog,,
site,global.navigation.contact.label,value,Contact,Contacto,needs_review,0a005fed4e7a91b76f9538cc810f2fbf755601e282d0eee21f5c322082097340,false,"public_html:/,public_html:/about,public_html:/community,public_html:/contact,public_html:/news,public_html:/newsletter,public_html:/newsletter/confirm,public_html:/privacy,public_html:/resources,public_html:/social,public_html:/survey,public_html:/voting",,
site,global.navigation.contact.link,label,Contact,Contacto,needs_review,938142ebbde244f4f5ad4f05122392b40504827fc34333d0d98d020eb70b14d3,false,"public_html:/,public_html:/about,public_html:/community,public_html:/contact,public_html:/news,public_html:/newsletter,public_html:/newsletter/confirm,public_html:/privacy,public_html:/resources,public_html:/social,public_html:/survey,public_html:/voting",,
site,global.navigation.home,value,Home,Inicio,needs_review,faf853c6cfdaefb5bfc9916c4af9768a202afcc7c884560fa3c3a93a3ac5b68e,false,checked_in_public_catalog,,
site,global.navigation.home.label,value,Home,Inicio,needs_review,faf853c6cfdaefb5bfc9916c4af9768a202afcc7c884560fa3c3a93a3ac5b68e,false,"public_html:/,public_html:/about,public_html:/community,public_html:/contact,public_html:/news,public_html:/newsletter,public_html:/newsletter/confirm,public_html:/privacy,public_html:/resources,public_html:/social,public_html:/survey,public_html:/voting",,
site,global.navigation.home.link,label,Home,Inicio,needs_review,18b4a2fa41436738fe9a0b7e093bd82311d8c90453c1e34eed68ba876125442c,false,"public_html:/,public_html:/about,public_html:/community,public_html:/contact,public_html:/news,public_html:/newsletter,public_html:/newsletter/confirm,public_html:/privacy,public_html:/resources,public_html:/social,public_html:/survey,public_html:/voting",,
site,global.navigation.news,value,News & Updates,Noticias y novedades,needs_review,23407d132b350741d5d6c03dd542cac80a2189ca2ad62d4419ff9dc0d98a8f5e,false,checked_in_public_catalog,,
site,global.navigation.news.label,value,News & Updates,Noticias y novedades,needs_review,23407d132b350741d5d6c03dd542cac80a2189ca2ad62d4419ff9dc0d98a8f5e,false,"public_html:/,public_html:/about,public_html:/community,public_html:/contact,public_html:/news,public_html:/newsletter,public_html:/newsletter/confirm,public_html:/privacy,public_html:/resources,public_html:/social,public_html:/survey,public_html:/voting",,
site,global.navigation.news.link,label,News & Updates,Noticias y novedades,needs_review,79f07dc402ece335b6fb24c8e72ac8a1ed7355949e787a302334d399a9299459,false,"public_html:/,public_html:/about,public_html:/community,public_html:/contact,public_html:/news,public_html:/newsletter,public_html:/newsletter/confirm,public_html:/privacy,public_html:/resources,public_html:/social,public_html:/survey,public_html:/voting",,
site,global.navigation.newsletter,value,Newsletter,Boletín,needs_review,db067979a78114bc1210a1c0cf4747b0e8c7e25d6834dc284497832bcc3d78a6,false,checked_in_public_catalog,,
site,global.navigation.newsletter.label,value,Newsletter,Boletín,needs_review,db067979a78114bc1210a1c0cf4747b0e8c7e25d6834dc284497832bcc3d78a6,false,"public_html:/,public_html:/about,public_html:/community,public_html:/contact,public_html:/news,public_html:/newsletter,public_html:/newsletter/confirm,public_html:/privacy,public_html:/resources,public_html:/social,public_html:/survey,public_html:/voting",,
site,global.navigation.newsletter.link,label,Newsletter,Boletín,needs_review,fdcd6c650b70e57245bc6700faa46f0f24671105a8182520a2a7cf390b786fff,false,"public_html:/,public_html:/about,public_html:/community,public_html:/contact,public_html:/news,public_html:/newsletter,public_html:/newsletter/confirm,public_html:/privacy,public_html:/resources,public_html:/social,public_html:/survey,public_html:/voting",,
site,global.navigation.resources,value,Resources,Recursos,needs_review,67c0a8c04ac341803311353fe5677fdaa349f9d226064dcc674ef7b90d647290,false,checked_in_public_catalog,,
site,global.navigation.resources.label,value,Resources,Recursos,needs_review,67c0a8c04ac341803311353fe5677fdaa349f9d226064dcc674ef7b90d647290,false,"public_html:/,public_html:/about,public_html:/community,public_html:/contact,public_html:/news,public_html:/newsletter,public_html:/newsletter/confirm,public_html:/privacy,public_html:/resources,public_html:/social,public_html:/survey,public_html:/voting",,
site,global.navigation.resources.link,label,Resources,Recursos,needs_review,f137f5ecefdc2bb480c573c625c0ecc72bfa358e89f52a46ce65fbea33e2ab3a,false,"public_html:/,public_html:/about,public_html:/community,public_html:/contact,public_html:/news,public_html:/newsletter,public_html:/newsletter/confirm,public_html:/privacy,public_html:/resources,public_html:/social,public_html:/survey,public_html:/voting",,
site,global.navigation.social,value,Social,Redes sociales,needs_review,a9692250d71204cf8b5d2b0ec7f29729c2bd6b526e254fbf888ddf040a28bdad,false,checked_in_public_catalog,,
site,global.navigation.social.label,value,Social,Redes sociales,needs_review,a9692250d71204cf8b5d2b0ec7f29729c2bd6b526e254fbf888ddf040a28bdad,false,"public_html:/,public_html:/about,public_html:/community,public_html:/contact,public_html:/news,public_html:/newsletter,public_html:/newsletter/confirm,public_html:/privacy,public_html:/resources,public_html:/social,public_html:/survey,public_html:/voting",,
site,global.navigation.social.link,label,Social,Redes sociales,needs_review,93ba276d877d29f98ddc56bb64d9203041fe582ac9aa8ef63e53987a8f022ea6,false,"public_html:/,public_html:/about,public_html:/community,public_html:/contact,public_html:/news,public_html:/newsletter,public_html:/newsletter/confirm,public_html:/privacy,public_html:/resources,public_html:/social,public_html:/survey,public_html:/voting",,
site,global.navigation.survey,value,Survey,Encuesta,needs_review,29f6ccd45ef6ad568a7e108e12b3c042ea4295b5c035c94a32b00e8295081b9e,false,checked_in_public_catalog,,
site,global.navigation.survey.label,value,Survey,Encuesta,needs_review,29f6ccd45ef6ad568a7e108e12b3c042ea4295b5c035c94a32b00e8295081b9e,false,"public_html:/,public_html:/about,public_html:/community,public_html:/contact,public_html:/news,public_html:/newsletter,public_html:/newsletter/confirm,public_html:/privacy,public_html:/resources,public_html:/social,public_html:/survey,public_html:/voting",,
site,global.navigation.survey.link,label,Survey,Encuesta,needs_review,9d0fd3b888fc1dc8b4d0c2ff00bcae0cf3d63d25e47f6a4c97f8586b45aa5e1e,false,"public_html:/,public_html:/about,public_html:/community,public_html:/contact,public_html:/news,public_html:/newsletter,public_html:/newsletter/confirm,public_html:/privacy,public_html:/resources,public_html:/social,public_html:/survey,public_html:/voting",,
site,global.navigation.voting,value,Voting,Votación,needs_review,9b08baaa10644d9dc1f5eff7b5dfe60763679ea42a37e04461ed9511e33e9be5,false,checked_in_public_catalog,,
site,global.navigation.voting.label,value,Voting,Elecciones,needs_review,9b08baaa10644d9dc1f5eff7b5dfe60763679ea42a37e04461ed9511e33e9be5,false,"public_html:/,public_html:/about,public_html:/community,public_html:/contact,public_html:/news,public_html:/newsletter,public_html:/newsletter/confirm,public_html:/privacy,public_html:/resources,public_html:/social,public_html:/survey,public_html:/voting",,
site,global.navigation.voting.link,label,Voting,Elecciones,needs_review,a5b65aa4be9009ec328db512b08af417be68f5986f01030befad11f9ee163d3a,false,"public_html:/,public_html:/about,public_html:/community,public_html:/contact,public_html:/news,public_html:/newsletter,public_html:/newsletter/confirm,public_html:/privacy,public_html:/resources,public_html:/social,public_html:/survey,public_html:/voting",,
site,global.office.name,value,Office of Assemblywoman Carmen Theresa Morales,Office of Assemblywoman Carmen Theresa Morales,needs_review,0777ca344c8559adca574a62bc0a92d3ff537fe2fd3b0947f14ada877e0f2ee4,true,"public_html:/,public_html:/about,public_html:/community,public_html:/contact,public_html:/news,public_html:/newsletter,public_html:/newsletter/confirm,public_html:/privacy,public_html:/resources,public_html:/social,public_html:/survey,public_html:/voting",,
site,global.office.tagline,value,"Constituent services, legislative information, voting resources, and district office access for New Jersey's 34th Legislative District.","Servicios para residentes, información legislativa, recursos electorales y acceso a la oficina del distrito para el Distrito Legislativo 34 de Nueva Jersey.",needs_review,4c0c131be72b6eb9d44a17b7803247755ab12c171a9895c8e4694dba450e7b22,false,"checked_in_public_catalog,public_html:/,public_html:/about,public_html:/community,public_html:/contact,public_html:/news,public_html:/newsletter,public_html:/newsletter/confirm,public_html:/privacy,public_html:/resources,public_html:/social,public_html:/survey,public_html:/voting",,
site,global.skip,value,Skip to content,Saltar al contenido,needs_review,cd982a447c7a52631781015fb0b8f4900666caa12a8859062ee3a7c77871ecdd,false,"checked_in_public_catalog,checked_in_stable_catalog",,
site,home.connections.body,value,Newsletter signup stays on this website. Volunteer responses and legislative messages open their official external forms.,,missing,5d95b1e1442654a0dfb9b165f8b0177ff9b4b68196ec5113808abb362e736a07,false,public_html:/,,
site,home.connections.eyebrow,value,Connect with District 34,,missing,8d4862a94364bf8c6554474b1a26686f2437d21b1517e2a7ab3d10d0fb0f93ce,false,public_html:/,,
site,home.connections.newsletter.body,value,"Request updates here, then confirm through the email sent to your inbox before the subscription becomes active.",,missing,1b8fb1fb9ac49e93527d9978eacfaef4b96ea386a56db2d4bef296b2af8dbc4f,false,public_html:/,,
site,home.connections.newsletter.eyebrow,value,Email updates,Novedades por correo electrónico,needs_review,bd085163d0f3c9a8042d3bc9b4f3646f21b4bd8485aea4bbc5dbb12c55956601,false,public_html:/,,
site,home.connections.newsletter.title,value,Get the District Newsletter,,missing,10906c96a8819107b05a992feccb3e87737d3c638abb45f33c4d8ebc98a37f1c,false,public_html:/,,
site,home.connections.title,value,Choose the right way to take part,,missing,7aae0b941db68d0eae61873d168f9296fe79f073b87d06be4e60ff466dc909cc,false,public_html:/,,
site,home.hero.body,value,"Find district office contact information, official legislative resources, voting guidance, and ways to request help with a New Jersey state agency.","Encuentre información de contacto de la oficina del distrito, recursos legislativos oficiales, orientación electoral y maneras de solicitar ayuda con una agencia estatal de Nueva Jersey.",needs_review,80c4d4f1ab8733f98021006437d7bee42c05fcc21855ce84d4f42c8c4ad37880,false,"checked_in_stable_catalog,public_html:/",,
site,home.hero.eyebrow,value,New Jersey General Assembly - District 34,Asamblea General de Nueva Jersey - Distrito 34,needs_review,15cc6cf4af03bb0e35327ba97fb80d3078d3219ce616d9166ffe169781157769,false,"checked_in_stable_catalog,public_html:/",,
site,home.hero.news-cta,label,News & Updates,Noticias y novedades,needs_review,79f07dc402ece335b6fb24c8e72ac8a1ed7355949e787a302334d399a9299459,false,public_html:/,,
site,home.hero.newsletter-cta,label,Get the Newsletter,,missing,93ef32af75371263eb892e180af6ac665547c029be15544dc6f9d78b25d14412,false,public_html:/,,
site,home.hero.primary-cta,label,Contact the Office,Contactar a la oficina,needs_review,f22cb79c2d8cc19521dca6f4a770ad51a5dfb17f95d5e6cabfb4db208fa56648,false,public_html:/,,
site,home.hero.title,value,District 34 Constituent Services and Community Updates,Servicios para residentes y novedades comunitarias del Distrito 34,needs_review,1e9d0ea399842ca395fd8e41665407d4385f21fc93b83f0304d6ee58cada6961,false,"checked_in_stable_catalog,public_html:/",,
site,home.latest.eyebrow,value,News & Updates,Noticias y novedades,needs_review,23407d132b350741d5d6c03dd542cac80a2189ca2ad62d4419ff9dc0d98a8f5e,false,public_html:/,,
site,home.latest.title,value,Latest from the district office,,missing,820b96b248bc26803f694eedb2852dd7a762c3575685bd9636bbddf15d18fc80,false,public_html:/,,
site,home.official.body,value,"A concise snapshot of the current public roster, with direct links back to the official state record.",,missing,d2f0b83cf449aebc8cee864d59d3045c6d372d2a570a48f2f7b5b12e21e26664,false,public_html:/,,
site,home.official.eyebrow,value,Official New Jersey Legislature record,,missing,bea0e795407b5a702e01c348b213e334d6adb31cba804c977ea1770c6e7f1bfe,false,public_html:/,,
site,home.official.title,value,Your District 34 representative,,missing,0865efb6be199010b1b2112419b1c7b95ab1a558c02e0fca49bb691819a7829b,false,public_html:/,,
site,home.portal.eyebrow,value,Constituent Portal,Portal para residentes,needs_review,68a0f068b921cdc6c9e28e5664667dcd5f4c7d1da013a2383b39683950ffc84f,false,checked_in_stable_catalog,,
site,home.portal.title,value,Core public workflows,Servicios públicos principales,needs_review,402bfeeb22640fc2ebebcc0f2a2cb6b7a636461e8ffef24c56d39444c3f7c0e6,false,checked_in_stable_catalog,,
site,home.stats.access.label,value,"Office, voting, and contact resources","Recursos de la oficina, electorales y de contacto",needs_review,77cf355a22afefae18b7453651ebecd20cf35257b36a23e23944a49f9a7131de,false,public_html:/,,
site,home.stats.access.value,value,Access,Acceso,needs_review,3f37ab060318d444c8cc0383a130396960a2c35ed45f8ab898f66b96f4f76456,false,public_html:/,,
site,home.stats.services.label,value,Help navigating New Jersey agencies,Ayuda para orientarse entre las agencias de Nueva Jersey,needs_review,75a3b44b1603ea874a8194c1985b65a650c11b14e6da0dd4fb476099a7058f26,false,public_html:/,,
site,home.stats.services.value,value,Services,Servicios,needs_review,ece986839da83304a4b8052b0cc4312d3d1f1174c88dd474a000e503828d60d2,false,public_html:/,,
site,home.stats.updates.label,value,Legislation and district information,Legislación e información del distrito,needs_review,ef1fcf4e714454e46e1ad941132e84eea645e10fc884c5f967d29ffb5095d5d5,false,public_html:/,,
site,home.stats.updates.value,value,Updates,Novedades,needs_review,a921563cae601345a3368c2310453882857c961def63c4b05c909b04f6aa36ee,false,public_html:/,,
site,home.workflow.eyebrow,value,Constituent guidance,,missing,f398ad208df8cb21d56b8be6884e28582f74e5ed7fc11aa01318d9ae6b1f6f69,false,public_html:/,,
site,home.workflow.steps.community-updates.body,value,"District posts appear on this website, while newsletter signup uses a confirmed email subscription.",,missing,e3b747c4e07e095a9d8f54d456c01e4aae0ee5d25c824b83a31000fd602c87b1,false,public_html:/,,
site,home.workflow.steps.community-updates.title,value,Choose the right update path,,missing,e1b89993de21157bb66bd273f6dcef2351d36765d944b2e788ae54a1bc8e84ce,false,public_html:/,,
site,home.workflow.steps.public-information.body,value,"Official state links lead to the current legislative profile, sponsored bills, votes, and contact form.",,missing,a6af48d6dca428a32ada8e5851b0b56bd755a50dd6f8497e201de90a33b0d106,false,public_html:/,,
site,home.workflow.steps.public-information.title,value,Use current public records,,missing,714819dfb9f08410a8f6f3a3bc827c27b668379aa1f9ceb6c082f73e311c29cd,false,public_html:/,,
site,home.workflow.steps.service-requests.body,value,Call or send a message when you need help identifying the right New Jersey state agency.,,missing,354bddb3bab8c908d50e77a9145123c84ab7b88ff26ceb882aed42c663bcb51f,false,public_html:/,,
site,home.workflow.steps.service-requests.title,value,Contact the District Office,Contactar a la oficina del distrito,needs_review,464b978d4ebc6386255afd0e4523a87ece4c3f53fc66943fbd069cd884e81017,false,public_html:/,,
site,home.workflow.title,value,Start with the path that matches your need,,missing,4d953ca56f20a6adb817bf513c2b92a81a79839fe989fd0b29ab706473a328e1,false,public_html:/,,
site,media.about.about-hero,caption,District office media,Material visual de la oficina del distrito,needs_review,41f2f6abe5ff7ef305d3965adc6ecba2f5ac0ab581f9d86f65d70e878a739095,false,public_html:/about,,
site,media.business.community-hero,caption,District office media,Material visual de la oficina del distrito,needs_review,41f2f6abe5ff7ef305d3965adc6ecba2f5ac0ab581f9d86f65d70e878a739095,false,public_html:/community,,
site,media.business.home-workflow,caption,Community and small business engagement,Participación comunitaria y de pequeños negocios,needs_review,00be6fc92ca83f4e630aa52be3daa934609d011ad123a5f8e7521a70d4f35478,false,public_html:/,,
site,media.capitol.social-hero,caption,District office media,Material visual de la oficina del distrito,needs_review,41f2f6abe5ff7ef305d3965adc6ecba2f5ac0ab581f9d86f65d70e878a739095,false,public_html:/social,,
site,media.clinic.resources-hero,caption,District office media,Material visual de la oficina del distrito,needs_review,41f2f6abe5ff7ef305d3965adc6ecba2f5ac0ab581f9d86f65d70e878a739095,false,public_html:/resources,,
site,media.coverage.about-supporting,caption,Additional district media,Material visual adicional del distrito,needs_review,cd235c5e2d9ad1b0b0a1d08aed629a5505987f66be10e96e3eb59ac8322b7380,false,public_html:/about,,
site,media.coverage.contact-supporting,caption,Additional district media,Material visual adicional del distrito,needs_review,cd235c5e2d9ad1b0b0a1d08aed629a5505987f66be10e96e3eb59ac8322b7380,false,public_html:/contact,,
site,media.coverage.news-supporting,caption,Additional district media,Material visual adicional del distrito,needs_review,cd235c5e2d9ad1b0b0a1d08aed629a5505987f66be10e96e3eb59ac8322b7380,false,public_html:/news,,
site,media.coverage.newsletter-supporting,caption,Additional district media,Material visual adicional del distrito,needs_review,cd235c5e2d9ad1b0b0a1d08aed629a5505987f66be10e96e3eb59ac8322b7380,false,public_html:/newsletter,,
site,media.coverage.resources-supporting,caption,Additional district media,Material visual adicional del distrito,needs_review,cd235c5e2d9ad1b0b0a1d08aed629a5505987f66be10e96e3eb59ac8322b7380,false,public_html:/resources,,
site,media.coverage.social-supporting,caption,Additional district media,Material visual adicional del distrito,needs_review,cd235c5e2d9ad1b0b0a1d08aed629a5505987f66be10e96e3eb59ac8322b7380,false,public_html:/social,,
site,media.coverage.survey-supporting,caption,Additional district media,Material visual adicional del distrito,needs_review,cd235c5e2d9ad1b0b0a1d08aed629a5505987f66be10e96e3eb59ac8322b7380,false,public_html:/survey,,
site,media.coverage.voting-supporting,caption,Additional district media,Material visual adicional del distrito,needs_review,cd235c5e2d9ad1b0b0a1d08aed629a5505987f66be10e96e3eb59ac8322b7380,false,public_html:/voting,,
site,media.event-group.newsletter-hero,caption,District office media,Material visual de la oficina del distrito,needs_review,41f2f6abe5ff7ef305d3965adc6ecba2f5ac0ab581f9d86f65d70e878a739095,false,public_html:/newsletter,,
site,media.graduation.community-supporting,caption,Additional district media,Material visual adicional del distrito,needs_review,cd235c5e2d9ad1b0b0a1d08aed629a5505987f66be10e96e3eb59ac8322b7380,false,public_html:/community,,
site,media.hero.home-hero,caption,District office media,Material visual de la oficina del distrito,needs_review,41f2f6abe5ff7ef305d3965adc6ecba2f5ac0ab581f9d86f65d70e878a739095,false,public_html:/,,
site,media.meeting.contact-hero,caption,District office media,Material visual de la oficina del distrito,needs_review,41f2f6abe5ff7ef305d3965adc6ecba2f5ac0ab581f9d86f65d70e878a739095,false,public_html:/contact,,
site,media.outdoor-visit.survey-hero,caption,District office media,Material visual de la oficina del distrito,needs_review,41f2f6abe5ff7ef305d3965adc6ecba2f5ac0ab581f9d86f65d70e878a739095,false,public_html:/survey,,
site,media.outreach.voting-hero,caption,District office media,Material visual de la oficina del distrito,needs_review,41f2f6abe5ff7ef305d3965adc6ecba2f5ac0ab581f9d86f65d70e878a739095,false,public_html:/voting,,
site,media.vote-board.news-hero,caption,District office media,Material visual de la oficina del distrito,needs_review,41f2f6abe5ff7ef305d3965adc6ecba2f5ac0ab581f9d86f65d70e878a739095,false,public_html:/news,,
site,metadata.home.description,value,"Constituent services, legislative information, voting resources, and district office access for New Jersey's 34th Legislative District.","Servicios para residentes, información legislativa, recursos electorales y acceso a la oficina del distrito para el Distrito Legislativo 34 de Nueva Jersey.",needs_review,4c0c131be72b6eb9d44a17b7803247755ab12c171a9895c8e4694dba450e7b22,false,checked_in_public_catalog,,
site,news.cards.district-events.body,value,"For current office hours and district event information, call the district office.","Para conocer los horarios de atención y los eventos actuales del distrito, llame a la oficina del distrito.",needs_review,9f2e9e0a0c0abbe5860a9e3c87ceb2cd0c19f61ef68810e57c95cfcbde5d0495,false,public_html:/news,,
site,news.cards.district-events.link,label,Open,Abrir,needs_review,7880531e09e103c04cbd64c078eea67a0cd9c373a278c79cb97494825c287af7,false,public_html:/news,,
site,news.cards.district-events.title,value,District Notices,Avisos del distrito,needs_review,7ca92d1935f80cc5f973769afb540c8e17a9b357333e95b3f35f49d98257bfbb,false,public_html:/news,,
site,news.cards.expanded-coverage.body,value,Check current committee assignments and schedules through the New Jersey Legislature.,Consulte las asignaciones y los calendarios actuales de los comités en la Legislatura de Nueva Jersey.,needs_review,f5a934407129d6d8380cc4d51248fda29ee919c51dc55a4b7436b0e63e149bf8,false,public_html:/news,,
site,news.cards.expanded-coverage.link,label,Open,Abrir,needs_review,7880531e09e103c04cbd64c078eea67a0cd9c373a278c79cb97494825c287af7,false,public_html:/news,,
site,news.cards.expanded-coverage.title,value,Committee Work,Trabajo de comités,needs_review,771e2e7df5755c7067781dd85ae3bf89045793311961a6c6b0a35a8d00d91633,false,public_html:/news,,
site,news.cards.voting-rights-update.body,value,Review the Assemblywoman's official roster page for current sponsored bills and member votes.,Consulte la página oficial de la asambleísta para ver los proyectos de ley patrocinados y sus votaciones vigentes.,needs_review,856f396a1d1d53103097b88b8b175e2fa395088dad6d0a08e103be1cd0c3ef8c,false,public_html:/news,,
site,news.cards.voting-rights-update.link,label,Open,Abrir,needs_review,7880531e09e103c04cbd64c078eea67a0cd9c373a278c79cb97494825c287af7,false,public_html:/news,,
site,news.cards.voting-rights-update.title,value,Sponsored Bills and Votes,Proyectos de ley patrocinados y votaciones,needs_review,748b2e57868c16fb1c69c1cf26c2f9b0a9c8dd0a3d66735b3a3c592bfb1a9617,false,public_html:/news,,
site,news.empty-body,value,Published district office updates will appear here.,Las novedades publicadas por la oficina del distrito aparecerán aquí.,needs_review,db78f85568b4df38f25194645bd95a6d9453ebfb6e6e6615e2af9cf3e87f287f,false,checked_in_public_catalog,,
site,news.empty-title,value,No district posts have been published yet,Aún no se han publicado novedades del distrito,needs_review,15b1726cf6b6b99c76186869ab74f6a3fd9941ce414a2fb03cd41fe34f28e869,false,checked_in_public_catalog,,
site,news.features.body,value,Use these links for current public information or contact the district office at (973) 450-0484.,Use estos enlaces para consultar información pública vigente o comuníquese con la oficina del distrito al (973) 450-0484.,needs_review,53776ae6af97f79ac512438b9f2db8db0302a328892f4c22c9e48a1e15751f2c,false,public_html:/news,,
site,news.features.eyebrow,value,Page Resources,Recursos de la página,needs_review,e13668e00d5b45bce671c3b18ca7734425255d25eb8d32a7b2e5a55cdd66f8ba,false,public_html:/news,,
site,news.features.title,value,Verified paths for District 34 residents,Recursos verificados para residentes del Distrito 34,needs_review,bf81c696432dc2fc9aba49babce5ff454920e0e55a54e8897a00529cd25471fe,false,public_html:/news,,
site,news.hero.body,value,"Read published district office updates and use the New Jersey Legislature record for current bills, votes, committees, and public proceedings.","Lea las novedades publicadas por la oficina del distrito y use el registro de la Legislatura de Nueva Jersey para consultar proyectos de ley, votaciones, comités y procedimientos públicos vigentes.",needs_review,d41c091bbbf4c70fbb53acbfceef8d76d2938fb45f60c62e7d2ebd29cb7ee410,false,public_html:/news,,
site,news.hero.eyebrow,value,Official Sources,Fuentes oficiales,needs_review,a7581ead5d5edb0e56538019a7b8e4a2038559cd2142586ebe72b4997d073a0d,false,public_html:/news,,
site,news.hero.primary-cta,label,Contact the Office,Contactar a la oficina,needs_review,f22cb79c2d8cc19521dca6f4a770ad51a5dfb17f95d5e6cabfb4db208fa56648,false,public_html:/news,,
site,news.hero.secondary-cta,label,Get Updates,Recibir actualizaciones,needs_review,ed4c3d6bb2ac7925039fa753c656547d18590799b716e314704237dcf1a11d8f,false,public_html:/news,,
site,news.hero.title,value,Legislative and District Updates,Novedades legislativas y del distrito,needs_review,48e2726d99e24b3076c44ef4d275a8f0bff4419f86a9eec16d717ab5a93c8878,false,public_html:/news,,
site,news.newsletter.body,value,Request the District Newsletter and confirm through the email sent to your inbox before the subscription becomes active.,Solicite el boletín del distrito y confirme mediante el correo enviado a su bandeja de entrada antes de que se active la suscripción.,needs_review,4bb345f2332aab9d2106656d8b024550a82b2b3549c4cd898c4ebdcc9645241e,false,public_html:/news,,
site,news.newsletter.eyebrow,value,Email Updates,Actualizaciones por correo electrónico,needs_review,33d5dc976ce9733aceb49ab78a7578be4023cf0c765dbef0c3753d9def3146a8,false,public_html:/news,,
site,news.newsletter.title,value,Get News & Updates by email,Reciba noticias y novedades por correo electrónico,needs_review,209db69923b3540869ebda29a8654d276352716913f74cdedc3357474017a40b,false,public_html:/news,,
site,news.read-update,value,Read update,Leer novedad,needs_review,e06eaf5c2875b0e581ba6536967927dde4e6c1d6a6de07c6027ed1dee938e27a,false,checked_in_public_catalog,,
site,newsletter.cards.district-updates.body,value,"District Newsletter emails cover legislative information, public services, and district events.","Los correos del Boletín del distrito incluyen información legislativa, servicios públicos y eventos del distrito.",needs_review,1f74f1d99467a1fcded7b54b8457cf7d93f3a5caca78a0cea12ebcd87d58b86b,false,public_html:/newsletter,,
site,newsletter.cards.district-updates.title,value,District Updates,Novedades del distrito,needs_review,0aa777e065c19d204f056496119bc247aec0f9978ff9f8133997291af9dcfded,false,public_html:/newsletter,,
site,newsletter.cards.subscriber-preferences.body,value,"Submitting the form creates a confirmation request, not an active subscription. Every newsletter includes an unsubscribe link.","Enviar el formulario crea una solicitud de confirmación, no una suscripción activa. Cada boletín incluye un enlace para cancelar la suscripción.",needs_review,37f695b46c2051f5af08e9018ecd9df1efaed1acbfaa68f72b3b30b989226170,false,public_html:/newsletter,,
site,newsletter.cards.subscriber-preferences.title,value,Consent and Preferences,Consentimiento y preferencias,needs_review,1814ed32e2541862d60e49aa2c481f1b8c0e3d86b8aae99d6a76709f1171a967,false,public_html:/newsletter,,
site,newsletter.features.body,value,Use these links for current public information or contact the district office at (973) 450-0484.,Use estos enlaces para consultar información pública vigente o comuníquese con la oficina del distrito al (973) 450-0484.,needs_review,53776ae6af97f79ac512438b9f2db8db0302a328892f4c22c9e48a1e15751f2c,false,public_html:/newsletter,,
site,newsletter.features.eyebrow,value,Page Resources,Recursos de la página,needs_review,e13668e00d5b45bce671c3b18ca7734425255d25eb8d32a7b2e5a55cdd66f8ba,false,public_html:/newsletter,,
site,newsletter.features.title,value,Verified paths for District 34 residents,Recursos verificados para residentes del Distrito 34,needs_review,bf81c696432dc2fc9aba49babce5ff454920e0e55a54e8897a00529cd25471fe,false,public_html:/newsletter,,
site,newsletter.form.body,value,"The live form is shown only when privacy, consent, confirmation, and delivery readiness checks are complete.",,missing,a0118336a6b3dc2350b2e688b0dfc8e6593c001182be5cd5166cd1f73d64151e,false,public_html:/newsletter,,
site,newsletter.form.eyebrow,value,Email Updates,Actualizaciones por correo electrónico,needs_review,33d5dc976ce9733aceb49ab78a7578be4023cf0c765dbef0c3753d9def3146a8,false,public_html:/newsletter,,
site,newsletter.form.title,value,Request District Newsletter emails,,missing,f665eca605656dd24432a7528a2ee5a4f0414e3ad2520d0805ff1eb92dc66b7f,false,public_html:/newsletter,,
site,newsletter.hero.body,value,"District Newsletter emails share legislative information, public services, and district events. The live form uses an explicit confirmation request before any subscription becomes active.","Los correos del Boletín del distrito comparten información legislativa, servicios públicos y eventos del distrito. El formulario en vivo requiere una confirmación explícita antes de activar cualquier suscripción.",needs_review,d9dd8692e42ee7b32e821f761bf0099a1b387bd86f37fc107475bff4f8803adb,false,public_html:/newsletter,,
site,newsletter.hero.eyebrow,value,Stay Informed,Manténgase informado,needs_review,cd2fb61a9951a1f8c8d8b0791c30691bf0d8cdca245c4fb1c6c7782c6ca4d7c3,false,public_html:/newsletter,,
site,newsletter.hero.primary-cta,label,Contact the Office,Contactar a la oficina,needs_review,f22cb79c2d8cc19521dca6f4a770ad51a5dfb17f95d5e6cabfb4db208fa56648,false,public_html:/newsletter,,
site,newsletter.hero.secondary-cta,label,Get Updates,Recibir actualizaciones,needs_review,ed4c3d6bb2ac7925039fa753c656547d18590799b716e314704237dcf1a11d8f,false,public_html:/newsletter,,
site,newsletter.hero.title,value,District Newsletter,Boletín del distrito,needs_review,903337003fc197e19c5604a1b23ceccc66e9b68947a1f75c366a57912c65868c,false,public_html:/newsletter,,
site,post.back-to-news,value,Back to News,Volver a Noticias,needs_review,7866d5cf3ad0836dc5e11baddff3b0450cc39e1ea3f4cf619abcf8a93b72bd18,false,checked_in_public_catalog,,
site,post.district-update,value,District Update,Novedad del distrito,needs_review,1d6e56d6961273f772dc14faaa1f5cec5361f6e5b090eba2aef8c1ce91fd6203,false,checked_in_public_catalog,,
site,privacy.introduction,value,"This notice explains how Office of Assemblywoman Carmen Theresa Morales handles information submitted through this website, including District Newsletter requests.","Este aviso explica cómo Office of Assemblywoman Carmen Theresa Morales maneja la información enviada mediante este sitio web, incluidas las solicitudes del Boletín del distrito.",needs_review,63a24c0056906767848eb5d6d3c8d54714bd81e90ece0fe032e6428446529784,false,checked_in_explicit_content,,
site,privacy.sections.0.paragraphs.0,value,"The newsletter form collects your email address, an optional first name, and the required marketing-email consent selection.","El formulario del boletín recopila su dirección de correo electrónico, un nombre opcional y la selección obligatoria de consentimiento para recibir correos de mercadeo.",needs_review,3dce74a421d6abbbc35931a030b94c1195d6fa49ba2316b0f028a9066781582e,false,checked_in_explicit_content,,
site,privacy.sections.0.paragraphs.1,value,"We also keep limited confirmation, delivery, unsubscribe, suppression, security, and audit records needed to operate the newsletter and honor your choices. We do not retain raw Resend webhook bodies.","También conservamos registros limitados de confirmación, entrega, cancelación de suscripción, supresión, seguridad y auditoría necesarios para operar el boletín y respetar sus decisiones. No conservamos el contenido sin procesar de los webhooks de Resend.",needs_review,f5dbd54c6d71982a8d5cf34d6538789462d6418cd65b9797ed514330508a242d,false,checked_in_explicit_content,,
site,privacy.sections.0.title,value,Information we collect,Información que recopilamos,needs_review,e574c7a998141be6a1e003b9bf63c1a9dcaa46cf201e772f5967c284244f34fb,false,checked_in_explicit_content,,
site,privacy.sections.1.paragraphs.0,value,"We use newsletter information to request confirmation, deliver District Newsletter email after confirmation, manage subscriber preferences, protect the signup process, and investigate delivery or consent issues.","Utilizamos la información del boletín para solicitar confirmación, entregar correos del Boletín del distrito después de la confirmación, administrar las preferencias de los suscriptores, proteger el proceso de inscripción e investigar problemas de entrega o consentimiento.",needs_review,a8d08871a78576ef4de3216de333303ed30c378d3c8602a7857fee84bc366d81,false,checked_in_explicit_content,,
site,privacy.sections.1.paragraphs.1,value,Submitting the form creates a pending confirmation request. It does not create an active subscription.,Enviar el formulario crea una solicitud de confirmación pendiente. No crea una suscripción activa.,needs_review,741c7a7edfbf6f6bcfff0392c74e977b3e63b0f681be5cacb8113a74fc34deb7,false,checked_in_explicit_content,,
site,privacy.sections.1.title,value,How newsletter information is used,Cómo se utiliza la información del boletín,needs_review,05f252932dd2d7c25ba386417cd3d0d7e58e6ed20fae545a090148efb345d00d,false,checked_in_explicit_content,,
site,privacy.sections.2.paragraphs.0,value,"Resend processes contact and delivery data for confirmation emails and District Newsletter delivery. This may include your email address, optional first name, provider contact identifiers, and delivery-event information.","Resend procesa datos de contacto y entrega para los correos de confirmación y la entrega del Boletín del distrito. Esto puede incluir su dirección de correo electrónico, nombre opcional, identificadores de contacto del proveedor e información de eventos de entrega.",needs_review,3a1fa42659420bd074cdc1855662b200d3d2d911dd09cc1ae4fd8ef3d27b3b84,false,checked_in_explicit_content,,
site,privacy.sections.2.paragraphs.1,value,Resend also applies unsubscribe and suppression controls during delivery.,Resend también aplica controles de cancelación de suscripción y supresión durante la entrega.,needs_review,f37ef07a8eb84b4f5be4599c442e2c7afa7fff69da6eb398fa251cfccd7470b8,false,checked_in_explicit_content,,
site,privacy.sections.2.title,value,Email delivery through Resend,Entrega de correo electrónico mediante Resend,needs_review,50ff480b02f2c338babb254eb7de4b7f0c3608108398b32cb915566a9148d857,false,checked_in_explicit_content,,
site,privacy.sections.3.paragraphs.0,value,You are not subscribed until you deliberately complete the confirmation step sent to your inbox.,No estará suscrito hasta que complete deliberadamente el paso de confirmación enviado a su bandeja de entrada.,needs_review,59c2d22186b20ea08b9285514e3913b91bc18d4c761206287472e81cc9fc4752,false,checked_in_explicit_content,,
site,privacy.sections.3.paragraphs.1,value,Each District Newsletter includes an unsubscribe link. Using it stops future District Newsletter marketing email. You may also contact the district office for help with a subscription choice.,Cada Boletín del distrito incluye un enlace para cancelar la suscripción. Usarlo detiene futuros correos de mercadeo del Boletín del distrito. También puede comunicarse con la oficina del distrito para obtener ayuda con una decisión de suscripción.,needs_review,87aaadcd1fbc653b55adf204daafa6937aefa1ed43b7bb5f606aea5c8179157e,false,checked_in_explicit_content,,
site,privacy.sections.3.title,value,Confirmation and unsubscribe choices,Opciones de confirmación y cancelación de suscripción,needs_review,27572c1042136966697e6cf62e9ca02bb70bfb85eb5feb2fcd993690e7532e1a,false,checked_in_explicit_content,,
site,privacy.sections.4.paragraphs.0,value,"To ask to access, correct, or delete newsletter information, use the contact page or call (973) 450-0484. The office reviews requests against the applicable records, consent, suppression, and retention requirements.","Para solicitar acceso, corrección o eliminación de información del boletín, use la página de contacto o llame al (973) 450-0484. La oficina revisa las solicitudes conforme a los requisitos aplicables de registros, consentimiento, supresión y conservación.",needs_review,819da301c026a60d770946aaf70bb1b5a361616cd70211aebfe15ce635e6b65e,false,checked_in_explicit_content,,
site,privacy.sections.4.paragraphs.1,value,"Approved deletion removes or irreversibly redacts direct personal information where the operating policy permits, while preserving the minimum non-message evidence needed to honor an unsubscribe or suppression.","La eliminación aprobada elimina o redacta de manera irreversible la información personal directa cuando la política operativa lo permite, mientras conserva la evidencia mínima sin contenido de mensajes necesaria para respetar una cancelación de suscripción o supresión.",needs_review,26a8e8cacf5842422b129e131567e154ba488216d1c765dfc76e9c707684b4d0,false,checked_in_explicit_content,,
site,privacy.sections.4.title,value,"Access, correction, and deletion requests","Solicitudes de acceso, corrección y eliminación",needs_review,3ee0dc49ec65eee5b5d81a6857661c3be581a104e270a28216cd426f06ecdc82,false,checked_in_explicit_content,,
site,privacy.sections.5.paragraphs.0,value,"Pending newsletter requests expire after 30 days. Personal information is otherwise kept while a subscription is active or while it is needed to operate, secure, and audit the newsletter.","Las solicitudes pendientes del boletín vencen después de 30 días. De otro modo, la información personal se conserva mientras una suscripción esté activa o mientras sea necesaria para operar, proteger y auditar el boletín.",needs_review,0eab57352c9afdcfc8d34685e35c7b01d35062bce7737f34f15385a798ad182c,false,checked_in_explicit_content,,
site,privacy.sections.5.paragraphs.1,value,"Withdrawal stops future marketing use. Minimum non-message consent, unsubscribe, suppression, and audit evidence may be retained so the office can continue honoring the choice and protect the system.","Retirar el consentimiento detiene el uso futuro para mercadeo. Puede conservarse la evidencia mínima sin contenido de mensajes sobre consentimiento, cancelación de suscripción, supresión y auditoría para que la oficina continúe respetando la decisión y proteja el sistema.",needs_review,98d19cbc57f3fd777388b17ba73b7148aca353e8b5c306fb951c7da33ba3824d,false,checked_in_explicit_content,,
site,privacy.sections.5.title,value,Retention approach,Enfoque de conservación,needs_review,24c956c98be88dc09517c2a201cca0215bea0aa3dbd7e05aa22c06272d2abe9b,false,checked_in_explicit_content,,
site,privacy.title,value,Privacy notice,Aviso de privacidad,needs_review,0b6ae3f5d3fd981c21050019207c232a75faf4084a3ee0e0083e001451048f72,false,checked_in_explicit_content,,
site,resources.cards.downloadable-forms.body,value,Browse the State of New Jersey department and service directory for direct government resources.,Consulte el directorio de departamentos y servicios del Estado de Nueva Jersey para acceder a recursos gubernamentales directos.,needs_review,97be2392606e0fbc82af9ef97cf0687409962707520a34b632f276d00deef26b,false,public_html:/resources,,
site,resources.cards.downloadable-forms.link,label,Open,Abrir,needs_review,7880531e09e103c04cbd64c078eea67a0cd9c373a278c79cb97494825c287af7,false,public_html:/resources,,
site,resources.cards.downloadable-forms.title,value,Official New Jersey Services,Servicios oficiales de Nueva Jersey,needs_review,d7651da3919bf4d08ae92355a55e89dc7651f3af096abfd36953381a33e74399,false,public_html:/resources,,
site,resources.cards.fresh-start-clinics.body,value,"Watch district notices for verified office hours, clinics, and community events.","Consulte los avisos del distrito para conocer horarios de atención, clínicas y eventos comunitarios verificados.",needs_review,af11f2433eb13c0f63c08115fa50bed88bd011d3ef39c052066df94e2c51ff8c,false,public_html:/resources,,
site,resources.cards.fresh-start-clinics.link,label,Open,Abrir,needs_review,7880531e09e103c04cbd64c078eea67a0cd9c373a278c79cb97494825c287af7,false,public_html:/resources,,
site,resources.cards.fresh-start-clinics.title,value,Public Service Events,Eventos de servicio público,needs_review,8f4d16da444e16bf16184059074bb86c473dd020b9b961b1359ed5101aa32126,false,public_html:/resources,,
site,resources.cards.state-agency-assistance.body,value,Contact the district office about an existing matter involving a New Jersey state agency.,Comuníquese con la oficina del distrito sobre un asunto existente relacionado con una agencia estatal de Nueva Jersey.,needs_review,8e908d7adcbcb7ab29fdad79b0bf1159a001fa28c1e4d1f5e018b4692a9c508b,false,public_html:/resources,,
site,resources.cards.state-agency-assistance.link,label,Open,Abrir,needs_review,7880531e09e103c04cbd64c078eea67a0cd9c373a278c79cb97494825c287af7,false,public_html:/resources,,
site,resources.cards.state-agency-assistance.title,value,State Agency Assistance,Asistencia con agencias estatales,needs_review,db77c64f08864b51fa3530abcdcb534e7d1b3b4d8562ccb445c64a8bda1af778,false,public_html:/resources,,
site,resources.features.body,value,Use these links for current public information or contact the district office at (973) 450-0484.,Use estos enlaces para consultar información pública vigente o comuníquese con la oficina del distrito al (973) 450-0484.,needs_review,53776ae6af97f79ac512438b9f2db8db0302a328892f4c22c9e48a1e15751f2c,false,public_html:/resources,,
site,resources.features.eyebrow,value,Page Resources,Recursos de la página,needs_review,e13668e00d5b45bce671c3b18ca7734425255d25eb8d32a7b2e5a55cdd66f8ba,false,public_html:/resources,,
site,resources.features.title,value,Verified paths for District 34 residents,Recursos verificados para residentes del Distrito 34,needs_review,bf81c696432dc2fc9aba49babce5ff454920e0e55a54e8897a00529cd25471fe,false,public_html:/resources,,
site,resources.hero.body,value,"Start with official state information, then contact the district office if you need help identifying the appropriate New Jersey agency.",Comience con la información oficial del estado y luego comuníquese con la oficina del distrito si necesita ayuda para identificar la agencia de Nueva Jersey correspondiente.,needs_review,e6cb423ebf5810587cf7cdd849651e839e0cd011665749d2ab88df75feda7459,false,public_html:/resources,,
site,resources.hero.eyebrow,value,Constituent,,missing,9450fd3a6e67797247db3fc291b0ebc2318c4fa9a795b9fc44ee32abb2e5e749,false,public_html:/resources,,
site,resources.hero.primary-cta,label,Contact the Office,Contactar a la oficina,needs_review,f22cb79c2d8cc19521dca6f4a770ad51a5dfb17f95d5e6cabfb4db208fa56648,false,public_html:/resources,,
site,resources.hero.secondary-cta,label,Get Updates,Recibir actualizaciones,needs_review,ed4c3d6bb2ac7925039fa753c656547d18590799b716e314704237dcf1a11d8f,false,public_html:/resources,,
site,resources.hero.title,value,District and State Resources,Recursos del distrito y del estado,needs_review,ef486b0009146623356f574c47082139b8a11bc8faab98718109554dbe3bc30f,false,public_html:/resources,,
site,route.__bilingual-inventory-404__.metadata,description,"Constituent services, legislative information, voting resources, and district office access for New Jersey's 34th Legislative District.","Servicios para residentes, información legislativa, recursos electorales y acceso a la oficina del distrito para el Distrito Legislativo 34 de Nueva Jersey.",needs_review,d8c0783ef47769de1cd2280a2741370e0310d4bdd5a667c61dba64d69b58b5f0,false,public_html:/__bilingual-inventory-404__,,
site,route.__bilingual-inventory-404__.metadata,title,Page not found | Office of Assemblywoman Carmen Theresa Morales,,missing,dd665aa9d1934897b357d9cab1c47d223995465929450b86e25d5b6221c8f084,false,public_html:/__bilingual-inventory-404__,,
site,route.about.metadata,description,Assemblywoman Morales has served in the New Jersey General Assembly since 2024 and represents District 34 in Essex County. | Office of Assemblywoman Carmen Theresa Morales,,missing,5fc0027a81d4ec56577f0f6cfa858104077d6299a4f423206d0a1215e3a3cd12,false,public_html:/about,,
site,route.about.metadata,title,About | Office of Assemblywoman Carmen Theresa Morales,,missing,bb984ad1d7d07773fe7b5f2756f678c5e4fb843a74a0f2e4329bbd51c8c1ce09,false,public_html:/about,,
site,route.community.metadata,description,"District 34 includes Belleville, Bloomfield, East Orange, Glen Ridge, Nutley, and Orange in Essex County. | Office of Assemblywoman Carmen Theresa Morales",,missing,0ab7ed8f43643f2511335cefd20400126fa5e0af22348d8197dbbf43b9e7bffe,false,public_html:/community,,
site,route.community.metadata,title,Community | Office of Assemblywoman Carmen Theresa Morales,,missing,cb61f3852b2f4b336391d8a0cdf741d51e37b397dfd43eac399bfce960569a27,false,public_html:/community,,
site,route.contact.metadata,description,"152 Franklin Street, Belleville, NJ 07109. Call (973) 450-0484 for district office assistance. | Office of Assemblywoman Carmen Theresa Morales",,missing,8b24cfd521d8bd9b5a105783175e73e03f4e9c4bfd211ccb7c415a22414bc6b1,false,public_html:/contact,,
site,route.contact.metadata,title,Contact | Office of Assemblywoman Carmen Theresa Morales,,missing,d30f8b1d69a647743166ed3c9a5c30aef1c8c5645b4111f84ad5d0ac0be7598c,false,public_html:/contact,,
site,route.home.metadata,description,"Constituent services, legislative information, voting resources, and district office access for New Jersey's 34th Legislative District.","Servicios para residentes, información legislativa, recursos electorales y acceso a la oficina del distrito para el Distrito Legislativo 34 de Nueva Jersey.",needs_review,d8c0783ef47769de1cd2280a2741370e0310d4bdd5a667c61dba64d69b58b5f0,false,public_html:/,,
site,route.home.metadata,title,Office of Assemblywoman Carmen Theresa Morales,Office of Assemblywoman Carmen Theresa Morales,needs_review,884dea00db41877cb11b906c4123a818b1b32336c3a61689152f6e2667d3b4ab,true,public_html:/,,
site,route.news.metadata,description,Published legislative and district updates from Office of Assemblywoman Carmen Theresa Morales.,Novedades legislativas y del distrito publicadas por la Oficina de la Asambleísta Carmen Theresa Morales.,needs_review,ed69ffd31843c9b21aed754824a978eb72256e32dd50a405bfc46576bf8001e3,false,public_html:/news,,
site,route.news.metadata,title,News & Updates | Office of Assemblywoman Carmen Theresa Morales,,missing,284901535f7785a1d735f2b982e760ebd684643b0ac2e329df55bf12c325d6b4,false,public_html:/news,,
site,route.newsletter.confirm.metadata,description,"Constituent services, legislative information, voting resources, and district office access for New Jersey's 34th Legislative District.","Servicios para residentes, información legislativa, recursos electorales y acceso a la oficina del distrito para el Distrito Legislativo 34 de Nueva Jersey.",needs_review,d8c0783ef47769de1cd2280a2741370e0310d4bdd5a667c61dba64d69b58b5f0,false,public_html:/newsletter/confirm,,
site,route.newsletter.confirm.metadata,title,Confirm District Newsletter | Office of Assemblywoman Carmen Theresa Morales,,missing,387cc1bdde64298377bbcc83629cc2063d72f293fe64563dc10ef8a5a7cdebae,false,public_html:/newsletter/confirm,,
site,route.newsletter.metadata,description,"District Newsletter emails share legislative information, public services, and district events. The live form uses an explicit confirmation request before any subscription becomes active. | Office of Assemblywoman Carmen Theresa Morales",,missing,6ab282fa39eced17f1880b223f6b4b32add82baf7bfde78477616597367d88bf,false,public_html:/newsletter,,
site,route.newsletter.metadata,title,Newsletter | Office of Assemblywoman Carmen Theresa Morales,,missing,abac1eece214ab2819f5532cd9a1a2ae16a55549841e349a7f2a57fc651bedcf,false,public_html:/newsletter,,
site,route.privacy.metadata,description,Website and District Newsletter privacy notice for Office of Assemblywoman Carmen Theresa Morales.,,missing,619a9a67c07e7007ba7eefef11c7415ce14e22a622fafa487d85dcaefab9ced3,false,public_html:/privacy,,
site,route.privacy.metadata,title,Privacy | Office of Assemblywoman Carmen Theresa Morales,,missing,6acf671487716c27fa83cb686bc185535bcaccb8ee8f2cf10e0ca697b95c9de5,false,public_html:/privacy,,
site,route.resources.metadata,description,"Start with official state information, then contact the district office if you need help identifying the appropriate New Jersey agency. | Office of Assemblywoman Carmen Theresa Morales",,missing,c517e13215ed862015e3570e70fe0514cd8f578bb852cd67319b114a41245e57,false,public_html:/resources,,
site,route.resources.metadata,title,Resources | Office of Assemblywoman Carmen Theresa Morales,,missing,c0c6d9e269b19bf5ddc2e9f3120624089e59367a8a97ca1760f12592c239e2f8,false,public_html:/resources,,
site,route.social.metadata,description,Site-managed social posts are not yet available. Use the official legislative profile for current public records and contact information. | Office of Assemblywoman Carmen Theresa Morales,,missing,7ecfe732fcf539d9e6d8a6ed8176d4e763fdac54f1ea12d3a520d2cd77eab187,false,public_html:/social,,
site,route.social.metadata,title,Social | Office of Assemblywoman Carmen Theresa Morales,,missing,cb945bd638b950763c4d2bd5e76dc83a07138d715d05397a2a755ee6b06b453a,false,public_html:/social,,
site,route.survey.metadata,description,The online survey is not accepting responses. Residents can share priorities directly with the district office by phone or through the official contact form. | Office of Assemblywoman Carmen Theresa Morales,,missing,2311beada4cb9c0168fa623b748fe8863b620fe76d4ffa16bf461df01a2a2e3c,false,public_html:/survey,,
site,route.survey.metadata,title,Survey | Office of Assemblywoman Carmen Theresa Morales,,missing,4a2abb0ee31b1c7909b94787a5c5837de1ca686af9175f9cb674162f6bd17314,false,public_html:/survey,,
site,route.voting.metadata,description,"Use official New Jersey election resources for registration, vote-by-mail, early voting, polling locations, and election dates. | Office of Assemblywoman Carmen Theresa Morales",,missing,be031f2e3aa791d658f0f6e21c80c6f7360de51d60598bedb18a07cca7ec50d7,false,public_html:/voting,,
site,route.voting.metadata,title,Voting | Office of Assemblywoman Carmen Theresa Morales,,missing,d40437c497db048b3e884d2e6cdb51196ee516edbc9875abd7f776b1c2bc8779,false,public_html:/voting,,
site,social.cards.local-photos.body,value,This site uses the local image collection supplied with the website; no image is presented as proof of a specific service outcome.,Este sitio usa la colección local de imágenes proporcionada con el sitio web; ninguna imagen se presenta como prueba del resultado de un servicio específico.,needs_review,911db0b129a557d143def727fb2853283c37aed8f8e336352896c093344f8b2e,false,public_html:/social,,
site,social.cards.local-photos.title,value,District Media,Medios del distrito,needs_review,8b20f28c5328021c527d285e1fb2db2abbb0b284168a931ad14108a06e6d1f9c,false,public_html:/social,,
site,social.cards.post-highlights.body,value,"Find sponsored bills, votes, committee assignments, biography, and contact information.","Encuentre proyectos de ley patrocinados, votaciones, asignaciones de comités, biografía e información de contacto.",needs_review,6e5a2424fe560afec971fc44e2a7724e9cd4465d6dba7a9c5a2571166a672c06,false,public_html:/social,,
site,social.cards.post-highlights.link,label,Open,Abrir,needs_review,7880531e09e103c04cbd64c078eea67a0cd9c373a278c79cb97494825c287af7,false,public_html:/social,,
site,social.cards.post-highlights.title,value,Official Legislative Profile,Perfil legislativo oficial,needs_review,eef2828e86b943936431468b7b9e6e30cfc09d39668e2e9a0c22337e4abd0429,false,public_html:/social,,
site,social.features.body,value,Use these links for current public information or contact the district office at (973) 450-0484.,Use estos enlaces para consultar información pública vigente o comuníquese con la oficina del distrito al (973) 450-0484.,needs_review,53776ae6af97f79ac512438b9f2db8db0302a328892f4c22c9e48a1e15751f2c,false,public_html:/social,,
site,social.features.eyebrow,value,Page Resources,Recursos de la página,needs_review,e13668e00d5b45bce671c3b18ca7734425255d25eb8d32a7b2e5a55cdd66f8ba,false,public_html:/social,,
site,social.features.title,value,Verified paths for District 34 residents,Recursos verificados para residentes del Distrito 34,needs_review,bf81c696432dc2fc9aba49babce5ff454920e0e55a54e8897a00529cd25471fe,false,public_html:/social,,
site,social.hero.body,value,Site-managed social posts are not yet available. Use the official legislative profile for current public records and contact information.,Las publicaciones sociales administradas por el sitio aún no están disponibles. Use el perfil legislativo oficial para consultar registros públicos e información de contacto vigentes.,needs_review,20f3720aa7bf8b8966bb8717589ec82be19e6cdb585b1519cb96ed511d4eaeb5,false,public_html:/social,,
site,social.hero.eyebrow,value,Official Updates,Novedades oficiales,needs_review,e52b915732c565dd62ce2c9bc6aebd979bcbf644d86f927ada26edbed085fa49,false,public_html:/social,,
site,social.hero.primary-cta,label,Contact the Office,Contactar a la oficina,needs_review,f22cb79c2d8cc19521dca6f4a770ad51a5dfb17f95d5e6cabfb4db208fa56648,false,public_html:/social,,
site,social.hero.secondary-cta,label,Get Updates,Recibir actualizaciones,needs_review,ed4c3d6bb2ac7925039fa753c656547d18590799b716e314704237dcf1a11d8f,false,public_html:/social,,
site,social.hero.title,value,Public Information and Media,Información pública y medios,needs_review,64e569320f9bb3d03f3769ae2884852400615b8af065f325c97dc6efa3f2f5ea,false,public_html:/social,,
site,survey.cards.issue-priorities.body,value,Share an issue or legislative concern through the district office contact options.,Comparta un problema o una inquietud legislativa mediante las opciones de contacto de la oficina del distrito.,needs_review,5426af2dfa78486fe3494c24409dcaa71212f610f5f25df77ec636785e98cf39,false,public_html:/survey,,
site,survey.cards.issue-priorities.link,label,Open,Abrir,needs_review,7880531e09e103c04cbd64c078eea67a0cd9c373a278c79cb97494825c287af7,false,public_html:/survey,,
site,survey.cards.issue-priorities.title,value,Legislative Priorities,Prioridades legislativas,needs_review,c3fe699f398d5c8669d3ff54405381a37a3845b8ee06362f3261a88aee7f5c54,false,public_html:/survey,,
site,survey.cards.neighborhood-context.body,value,Include your municipality and the state matter involved when asking the office for assistance.,Incluya su municipio y el asunto estatal correspondiente cuando solicite ayuda a la oficina.,needs_review,b637471c9cb0b187005371811fc57d801c247f054007f60249684cd691fa8a2a,false,public_html:/survey,,
site,survey.cards.neighborhood-context.link,label,Open,Abrir,needs_review,7880531e09e103c04cbd64c078eea67a0cd9c373a278c79cb97494825c287af7,false,public_html:/survey,,
site,survey.cards.neighborhood-context.title,value,Local Context,Contexto local,needs_review,aefb8d28fbc045b9985e081db47ec1248db6bfa391c03a1bfc7264524290db00,false,public_html:/survey,,
site,survey.features.body,value,Use these links for current public information or contact the district office at (973) 450-0484.,Use estos enlaces para consultar información pública vigente o comuníquese con la oficina del distrito al (973) 450-0484.,needs_review,53776ae6af97f79ac512438b9f2db8db0302a328892f4c22c9e48a1e15751f2c,false,public_html:/survey,,
site,survey.features.eyebrow,value,Page Resources,Recursos de la página,needs_review,e13668e00d5b45bce671c3b18ca7734425255d25eb8d32a7b2e5a55cdd66f8ba,false,public_html:/survey,,
site,survey.features.title,value,Verified paths for District 34 residents,Recursos verificados para residentes del Distrito 34,needs_review,bf81c696432dc2fc9aba49babce5ff454920e0e55a54e8897a00529cd25471fe,false,public_html:/survey,,
site,survey.form.body,value,Online submission is shown only when an approved form revision and verification service are available.,,missing,1619486bf110eba0314338c0d90185d0792131b5bced62d86efdb02a84b6481b,false,public_html:/survey,,
site,survey.form.eyebrow,value,Resident Form,Formulario para residentes,needs_review,99bc14241108e6d37953086cb0b1ad5ff58d551020a3be30fc32f3aa92c44c30,false,public_html:/survey,,
site,survey.form.title,value,District office intake,,missing,c1a77c0826aadf4defd715cfa2af3ebd1056de1a64f32b2aeffa61929d981b76,false,public_html:/survey,,
site,survey.hero.body,value,The online survey is not accepting responses. Residents can share priorities directly with the district office by phone or through the official contact form.,La encuesta en línea no acepta respuestas. Los residentes pueden compartir sus prioridades directamente con la oficina del distrito por teléfono o mediante el formulario de contacto oficial.,needs_review,88b8fe5494a9044420394176a6b3115b872c733c79c8e4ed6cf69ccf937aca56,false,public_html:/survey,,
site,survey.hero.eyebrow,value,Resident Voice,Voz de los residentes,needs_review,1695079a637794e784ed9abcea01a1e0caa824ececcc30daf76e36f798b43b83,false,public_html:/survey,,
site,survey.hero.primary-cta,label,Contact the Office,Contactar a la oficina,needs_review,f22cb79c2d8cc19521dca6f4a770ad51a5dfb17f95d5e6cabfb4db208fa56648,false,public_html:/survey,,
site,survey.hero.secondary-cta,label,Get Updates,Recibir actualizaciones,needs_review,ed4c3d6bb2ac7925039fa753c656547d18590799b716e314704237dcf1a11d8f,false,public_html:/survey,,
site,survey.hero.title,value,Share a District Priority,Comparta una prioridad del distrito,needs_review,6c0eb3d64c64bfaf33f71b66c5159cf0a7b7442ed980348ee825d846000a51c7,false,public_html:/survey,,
site,voting.cards.polling-information.body,value,Use the state's voter information portal for polling places and election resources.,Use el portal estatal de información para votantes para encontrar centros de votación y recursos electorales.,needs_review,a6b0c807774e368a7cf313a55ef5b995d79cbcbb2a77f61e4430f4f96d348a6a,false,public_html:/voting,,
site,voting.cards.polling-information.link,label,Open,Abrir,needs_review,7880531e09e103c04cbd64c078eea67a0cd9c373a278c79cb97494825c287af7,false,public_html:/voting,,
site,voting.cards.polling-information.title,value,Find Polling Information,Encontrar información sobre centros de votación,needs_review,1700b28af39e37fd4c3130ce6276d4c15bc62e08a6815fc80e282b34f2ad40e3,false,public_html:/voting,,
site,voting.cards.register-update.body,value,Visit the New Jersey Division of Elections for registration and voter information.,Visite la División de Elecciones de Nueva Jersey para obtener información sobre el registro y los votantes.,needs_review,c0dd302a8fa011e543228768fc76b22011ef2b3e3b0d3f0ba0e0d5893cd12d58,false,public_html:/voting,,
site,voting.cards.register-update.link,label,Open,Abrir,needs_review,7880531e09e103c04cbd64c078eea67a0cd9c373a278c79cb97494825c287af7,false,public_html:/voting,,
site,voting.cards.register-update.title,value,Register or Update Your Record,Registrarse o actualizar su registro,needs_review,ad1c5bc8e90930fbf62f9a34c4f6891cd4000ab8cd82e9889462c5d58953c639,false,public_html:/voting,,
site,voting.cards.voter-rights.body,value,"For authoritative election guidance, use the Division of Elections contact and help resources.","Para obtener orientación electoral autorizada, use los recursos de contacto y ayuda de la División de Elecciones.",needs_review,af301e67b140ef4512aadf0c26ef1af627dc38c44f361af9f0caad1934112c63,false,public_html:/voting,,
site,voting.cards.voter-rights.link,label,Open,Abrir,needs_review,7880531e09e103c04cbd64c078eea67a0cd9c373a278c79cb97494825c287af7,false,public_html:/voting,,
site,voting.cards.voter-rights.title,value,Voting Questions,Preguntas electorales,needs_review,3e4721005c3d0368d1419442da95d8724e5cc1393e79eaa77fee4cbd9d2081e3,false,public_html:/voting,,
site,voting.features.body,value,Use these links for current public information or contact the district office at (973) 450-0484.,Use estos enlaces para consultar información pública vigente o comuníquese con la oficina del distrito al (973) 450-0484.,needs_review,53776ae6af97f79ac512438b9f2db8db0302a328892f4c22c9e48a1e15751f2c,false,public_html:/voting,,
site,voting.features.eyebrow,value,Page Resources,Recursos de la página,needs_review,e13668e00d5b45bce671c3b18ca7734425255d25eb8d32a7b2e5a55cdd66f8ba,false,public_html:/voting,,
site,voting.features.title,value,Verified paths for District 34 residents,Recursos verificados para residentes del Distrito 34,needs_review,bf81c696432dc2fc9aba49babce5ff454920e0e55a54e8897a00529cd25471fe,false,public_html:/voting,,
site,voting.hero.body,value,"Use official New Jersey election resources for registration, vote-by-mail, early voting, polling locations, and election dates.","Use los recursos electorales oficiales de Nueva Jersey para consultar el registro, el voto por correo, la votación anticipada, los centros de votación y las fechas electorales.",needs_review,0d54e512d14990a600afadfeb8738ca430cd4cfe60605499418238744889e163,false,public_html:/voting,,
site,voting.hero.eyebrow,value,Civic Access,Acceso cívico,needs_review,588eb92f86d21b4d64ae3686a58a7be03f50f021343ef17c8b8adadede662720,false,public_html:/voting,,
site,voting.hero.primary-cta,label,Contact the Office,Contactar a la oficina,needs_review,f22cb79c2d8cc19521dca6f4a770ad51a5dfb17f95d5e6cabfb4db208fa56648,false,public_html:/voting,,
site,voting.hero.secondary-cta,label,Get Updates,Recibir actualizaciones,needs_review,ed4c3d6bb2ac7925039fa753c656547d18590799b716e314704237dcf1a11d8f,false,public_html:/voting,,
site,voting.hero.title,value,Official New Jersey Voting Information,Información electoral oficial de Nueva Jersey,needs_review,fa6b10363a715e6c5192563e46de000c87cb2e6e0bf9d4a931539a2b16e84d76,false,public_html:/voting,,
